132	309	341	196	246	60	155	261	141	214	37	134	113	290	12	59	293	140	206	199	176	268	124	344	175	313	78	15	286	102	170	303	334	225	65	76	90	173	179	172	100	322	6	1	297	54	333	255	158	233	247	144	294	171	280	318	52	10	26	45	74	272	4	202	191	115	145	5	154	310	7	260	68	20	107	14	285	304	147	329	336	64	55	106	300	229	122	72	323	325	87	253	56	8	190	146	135	211	264	243	250	63	312	159	283	340	81	28	153	295	96	89	296	21	177	216	259	49	238	343	92	223	234	232	337	142	22	252	183	168	150	195	66	240	218	101	311	194	326	17	164	186	30	114	263	103	185	245	235	116	330	120	289	112	215	136	275	126	198	299	281	133	33	88	162	34	231	97	85	61	167	282	200	9	230	287	108	46	320	192	224	73	137	39	220	210	29	181	288	271	51	328	151	27	2	217	156	212	165	221	138	236	219	274	278	307	239	35	204	265	67	24	332	44	241	129	93	111	166	277	314	342	40	18	284	79	249	251	71	13	338	213	70	242	228	160	104	161	83	189	117	118	254	188	208	25	110	149	157	152	16	269	75	109	327	205	315	139	237	319	248	308	19	226	306	3	276	125	77	184	301	174	128	182	32	80	258	11	298	86	266	36	193	58	41	270	50	209	317	316	331	123	222	62	302	130	187	23	43	0	201	339	98	292	178	256	94	197	95	163	169	69	305	48	207	279	227	148	143	180	131	127	47	262	324	203	84	121	345	99	91	82	267	119	291	57	321	257	31	42	105	335	273	244	38	53
122	243	326	244	14	331	308	56	13	336	75	247	261	289	16	147	154	323	291	85	142	215	121	8	217	106	40	240	59	31	303	30	266	11	60	143	167	1	231	5	193	23	325	234	86	150	152	41	170	36	281	327	79	280	55	253	191	19	176	320	216	27	328	103	146	282	54	157	44	67	145	255	160	183	317	172	241	235	275	99	50	95	33	156	39	214	345	10	68	2	9	313	322	139	130	257	189	42	211	333	202	84	294	117	29	293	162	239	49	251	177	113	116	181	37	341	48	340	286	262	18	180	187	76	64	110	343	52	287	124	87	196	198	273	236	163	118	212	175	232	249	318	97	58	69	151	238	17	268	229	304	319	279	57	254	245	264	45	335	62	221	278	252	140	288	129	127	315	119	153	144	21	25	136	35	81	258	285	77	227	337	109	276	101	312	222	210	263	272	28	311	338	70	199	250	165	297	310	34	88	302	192	260	120	184	155	330	242	300	200	305	80	12	161	290	267	174	271	159	100	219	78	92	114	66	269	334	220	296	82	307	53	166	169	15	158	270	6	299	71	141	203	329	316	104	47	188	61	208	283	230	51	90	98	207	204	22	306	218	73	277	205	4	190	164	185	194	93	132	233	173	178	115	32	206	96	123	309	74	89	38	179	0	46	171	149	344	107	133	256	223	83	102	108	213	195	301	246	72	94	125	135	197	201	248	224	26	284	168	321	3	134	332	186	24	295	128	314	228	131	225	226	274	111	91	265	63	43	237	138	112	324	292	20	65	298	126	259	148	209	339	182	137	105	7	342
338	153	183	57	289	39	35	195	138	331	107	308	104	273	66	146	274	156	298	332	245	46	262	319	36	235	17	316	301	4	56	232	70	125	299	174	75	270	323	49	20	42	14	291	294	67	297	185	27	304	212	52	69	181	168	189	305	91	50	309	324	213	266	284	173	205	248	12	178	249	108	202	223	31	236	300	32	326	72	263	44	106	33	184	86	120	187	34	277	160	105	76	247	124	159	58	162	227	222	244	318	136	186	152	92	283	129	306	137	218	85	64	28	53	18	1	198	63	142	60	151	269	73	219	345	258	140	242	276	210	221	265	115	268	287	176	55	172	342	102	303	257	103	78	15	121	196	234	171	293	3	251	51	194	192	237	6	45	341	226	25	254	267	224	97	272	329	201	233	231	122	170	271	21	98	175	239	81	141	220	77	336	328	130	256	24	240	132	310	296	317	177	88	334	203	204	133	164	259	117	193	211	166	38	5	10	8	2	149	243	82	280	96	182	199	313	26	119	327	161	295	139	109	22	147	118	281	110	43	339	340	311	41	285	322	321	134	89	217	330	191	111	344	87	128	200	23	65	302	167	99	16	216	126	165	238	94	225	29	343	179	282	188	40	169	337	250	315	214	123	74	148	260	19	314	30	335	307	157	253	100	197	209	264	275	101	13	68	112	71	163	54	290	90	286	11	114	47	155	325	246	158	278	7	279	228	206	230	79	190	9	145	48	312	255	229	116	84	144	61	131	252	207	215	0	80	180	135	333	241	154	261	127	83	292	150	320	93	62	288	208	95	113	59	37	143
191	3	139	271	279	315	93	136	268	76	211	31	41	44	34	11	82	197	325	57	282	169	200	233	149	160	298	110	97	159	79	152	275	161	286	125	91	54	257	52	278	178	6	223	70	133	163	4	291	216	62	261	174	9	171	300	22	331	129	17	127	170	276	219	301	90	229	63	154	318	182	162	265	299	208	337	295	87	201	210	236	343	107	122	267	296	262	220	151	338	5	175	64	142	190	345	246	334	80	309	329	230	43	96	269	264	313	224	25	112	184	207	71	117	153	69	89	193	48	281	320	242	227	72	85	274	199	180	202	113	121	141	239	173	45	98	55	303	260	241	84	322	46	312	148	254	126	104	116	215	108	238	248	146	237	214	218	341	321	88	289	30	183	150	272	27	342	302	217	37	187	38	253	196	340	20	280	258	209	23	292	19	120	252	317	232	130	42	188	181	231	18	15	137	53	206	290	47	83	65	194	294	28	308	106	10	164	284	263	140	115	26	177	77	213	39	332	204	255	66	2	1	13	333	310	192	16	256	24	58	189	157	305	74	234	167	323	56	228	327	118	344	33	330	155	250	67	307	60	328	29	14	35	172	166	147	114	270	99	124	198	12	176	225	50	319	49	128	222	277	36	105	311	185	68	103	61	165	205	92	109	287	0	40	221	75	235	212	288	7	247	59	144	111	186	156	314	8	95	86	78	51	283	306	293	245	119	81	32	134	100	132	226	195	335	326	131	145	266	339	240	143	336	21	243	168	73	244	179	135	316	203	158	123	102	285	94	101	259	273	324	138	304	251	249	297
280	234	118	33	152	60	244	298	90	112	116	84	264	314	301	164	80	30	148	173	44	318	327	160	168	269	218	209	20	6	100	249	8	191	290	202	216	266	154	201	246	166	57	277	236	13	0	16	3	27	282	303	87	289	310	332	260	274	77	161	324	181	221	207	68	233	240	238	69	179	34	199	107	123	127	338	339	254	47	344	297	345	53	341	23	252	35	261	98	105	313	323	137	278	265	217	12	50	142	76	25	200	256	235	223	14	300	124	11	306	135	106	250	141	37	149	232	63	18	296	21	206	187	134	56	117	75	172	101	175	330	334	157	285	43	180	24	10	55	114	145	129	158	103	315	99	196	222	295	245	186	147	229	41	211	213	39	267	72	317	287	224	325	284	15	331	257	293	73	5	58	262	182	237	71	336	91	162	258	335	95	192	215	74	194	343	62	136	131	228	307	133	185	144	169	263	342	197	19	126	36	54	189	67	64	139	81	115	9	1	225	155	113	79	247	220	82	230	151	163	102	70	337	32	66	85	294	92	276	321	122	45	283	48	193	226	38	167	299	17	212	138	42	52	28	281	239	259	308	104	286	322	319	59	156	119	159	140	304	316	251	46	255	190	86	198	275	184	128	326	125	279	130	253	183	110	22	291	203	153	170	29	271	214	288	241	40	174	4	204	165	219	272	88	65	208	94	231	340	268	305	31	49	51	205	309	292	96	121	146	78	83	111	243	188	320	89	109	132	248	26	177	311	7	210	150	333	93	242	195	143	273	2	120	328	108	302	178	97	171	312	61	270	227	176	329
93	180	127	62	228	331	244	260	120	159	278	4	215	119	6	229	174	92	322	270	49	238	296	165	258	233	327	304	208	5	334	7	311	236	72	221	115	192	186	90	138	67	276	160	310	17	191	299	223	161	232	173	204	342	65	11	325	18	125	80	248	234	213	162	289	41	283	122	287	81	23	291	13	78	255	163	272	189	280	3	188	209	275	292	121	95	82	1	250	27	89	303	73	98	254	107	102	201	230	139	252	106	246	39	324	207	117	343	59	12	301	129	91	330	37	146	29	167	261	85	58	185	224	247	175	225	320	132	71	197	88	131	124	227	14	332	123	111	51	112	9	172	16	264	0	105	267	285	70	38	150	171	314	68	145	42	309	178	273	256	133	277	179	147	237	100	34	110	251	135	86	154	19	245	158	329	44	290	222	235	108	337	169	79	50	84	8	341	99	340	321	312	28	31	55	214	32	271	48	323	274	33	306	35	295	63	157	128	46	218	66	242	328	305	156	144	315	45	206	168	316	47	113	177	219	339	40	21	101	164	69	53	199	268	137	24	317	187	184	205	134	294	116	212	141	142	241	335	211	249	257	231	300	217	56	61	307	286	284	181	97	114	118	293	170	338	54	176	194	198	182	319	103	220	130	333	60	94	193	140	148	202	152	318	10	269	96	210	240	57	298	36	30	20	345	75	200	77	263	203	149	344	2	52	262	253	259	183	151	216	302	190	74	243	281	87	239	143	326	266	288	136	166	83	313	155	279	126	195	265	22	104	153	282	226	25	196	64	15	297	109	336	308	26	76	43
217	268	252	333	201	81	315	308	64	143	85	47	48	19	254	44	142	55	239	73	218	177	316	247	104	198	338	53	60	59	331	276	112	149	8	148	138	101	178	206	100	264	339	317	75	322	2	36	87	56	84	196	83	279	303	190	23	305	216	323	202	243	127	256	117	120	189	265	69	248	161	267	291	50	257	20	111	182	214	98	326	169	310	61	180	228	195	151	3	286	152	185	238	65	6	154	234	25	57	285	171	327	241	226	159	296	35	46	224	167	191	41	242	263	16	24	108	203	72	110	37	0	229	141	126	74	32	288	66	215	295	134	255	137	245	113	246	344	223	13	1	175	244	92	125	114	232	213	187	166	301	132	249	58	273	205	274	40	89	68	76	212	163	139	194	328	118	293	94	34	266	181	129	237	26	345	14	119	82	97	128	207	107	17	300	172	330	251	340	225	170	115	45	294	284	208	93	193	11	88	70	79	147	43	309	343	282	199	15	318	233	173	121	240	49	31	281	262	18	253	258	22	109	116	298	278	105	95	277	311	150	269	299	271	341	62	204	160	51	184	211	289	135	91	71	324	325	106	188	307	90	103	183	29	54	321	290	334	146	221	123	63	342	165	80	227	259	9	174	332	77	179	27	292	337	5	197	219	230	261	314	122	176	38	210	319	297	162	67	124	39	4	33	21	280	99	235	287	236	96	144	320	329	130	12	186	131	155	260	336	153	275	304	200	209	78	312	313	86	42	133	28	10	250	145	140	335	192	220	158	168	136	30	270	157	231	272	7	302	306	222	102	52	156	283	164
304	24	247	12	252	99	119	109	78	286	183	46	281	47	225	40	231	79	189	248	93	96	147	118	288	216	33	251	236	262	110	150	306	81	23	155	161	230	206	311	120	152	143	87	108	186	111	6	90	22	49	180	256	222	176	41	102	101	65	255	192	191	57	36	237	80	244	313	273	148	246	267	113	315	319	121	63	130	126	337	100	94	27	259	60	71	320	122	167	62	325	190	69	285	287	166	83	200	283	234	224	133	326	153	339	135	226	205	317	340	34	173	305	154	328	35	123	301	324	16	149	128	213	254	144	85	228	269	20	14	141	272	106	334	8	142	249	239	240	220	140	67	134	103	9	258	107	10	51	323	156	58	159	227	181	296	88	104	163	114	169	199	292	115	268	212	221	232	139	309	4	165	260	162	105	282	316	204	55	284	116	196	29	188	344	61	86	198	261	211	145	157	138	300	17	19	28	331	194	312	266	193	15	343	201	175	37	291	44	307	203	280	314	263	318	235	242	289	207	322	270	76	70	132	330	278	209	184	124	59	13	290	265	131	279	31	195	26	274	91	74	66	294	75	310	245	98	202	171	53	43	185	3	39	335	0	48	298	215	72	321	214	2	241	168	182	52	45	277	146	73	117	21	170	5	210	217	297	136	11	302	264	92	56	250	25	54	68	233	84	129	336	125	229	187	243	95	151	77	137	219	172	174	329	253	223	177	82	30	179	333	332	197	299	345	178	50	112	7	158	32	257	238	327	164	293	271	127	295	18	341	338	1	97	303	42	64	275	89	342	208	38	308	276	218	160
53	324	318	86	285	48	113	252	313	203	157	41	71	241	8	34	269	224	288	114	37	272	152	153	229	91	214	216	80	197	93	70	289	108	111	25	13	305	168	140	244	246	310	189	22	253	259	179	138	329	190	193	57	302	218	104	19	263	210	112	101	118	155	287	130	3	122	260	283	339	325	162	209	123	273	301	290	207	191	250	160	335	204	43	268	11	327	60	125	102	282	231	0	183	132	211	322	32	334	265	100	134	165	36	84	267	30	124	194	161	4	227	180	129	64	280	172	61	184	276	177	49	235	18	68	88	150	20	42	167	158	178	5	221	299	99	103	331	308	10	340	109	16	44	257	14	94	59	110	258	222	38	169	28	52	65	275	146	76	294	270	309	117	143	74	271	92	212	200	188	286	159	312	206	115	176	192	213	255	96	338	75	171	236	17	149	173	1	87	145	127	217	154	274	77	66	39	261	202	196	69	181	279	298	116	225	55	120	83	201	63	51	186	208	164	228	344	254	248	182	245	264	240	133	170	198	343	337	242	81	67	320	142	328	220	166	314	56	295	284	233	89	79	230	223	187	40	119	333	175	326	107	54	243	345	321	139	226	297	128	12	332	73	292	185	293	281	144	163	47	237	98	26	304	106	62	15	131	251	23	136	215	135	82	31	72	266	247	278	29	95	291	195	306	336	238	232	97	311	300	147	256	21	58	316	46	239	137	45	296	315	27	7	126	317	307	341	33	85	330	9	90	50	277	262	199	319	151	148	342	105	78	174	205	35	156	234	323	2	6	141	121	219	249	303	24
258	117	297	58	231	70	220	89	216	123	324	72	95	23	97	152	120	280	218	87	340	134	272	164	257	99	234	287	263	286	203	291	306	311	273	190	54	336	215	57	31	102	2	191	48	108	47	341	177	105	242	173	156	307	175	128	268	323	256	148	196	181	45	137	55	106	195	36	127	138	125	194	332	90	227	64	247	239	243	343	193	292	208	250	339	77	329	27	147	1	132	226	33	278	270	75	345	211	67	32	61	314	267	275	308	192	327	16	111	183	197	322	225	171	185	302	321	19	330	240	40	229	119	289	37	26	79	161	235	342	251	206	326	224	144	110	237	43	200	271	207	136	202	184	60	204	338	169	199	81	249	309	109	232	141	126	114	317	41	98	281	135	4	10	158	142	51	277	180	94	318	285	294	46	244	178	304	255	82	104	112	337	187	299	290	186	189	168	246	63	42	166	295	74	174	9	69	139	133	122	241	160	91	325	85	284	282	279	264	212	260	53	11	213	145	313	162	129	86	305	236	155	107	116	223	65	25	118	188	56	167	319	209	265	96	124	103	8	154	253	52	261	7	205	312	12	269	3	71	149	333	50	151	301	13	182	150	17	248	300	59	334	159	93	222	84	28	331	172	252	259	92	6	140	165	198	88	49	34	131	22	210	83	76	288	21	245	176	0	24	262	276	219	115	254	201	30	344	179	18	238	296	20	293	153	146	316	274	121	66	315	15	113	130	39	143	230	35	80	73	101	44	68	320	228	298	310	78	38	29	328	157	214	100	233	5	217	335	221	163	266	14	170	283	303	62
25	337	53	100	190	179	161	333	32	328	119	253	327	151	244	196	285	283	281	251	203	146	160	2	20	172	68	200	174	222	194	15	228	24	84	7	287	240	214	28	147	331	306	55	242	314	265	271	77	183	290	94	241	67	334	150	69	131	109	192	30	175	38	227	116	80	235	17	263	70	320	121	193	41	205	198	189	185	65	213	264	225	188	3	301	178	312	321	310	341	114	128	66	258	274	199	259	12	13	266	226	169	345	29	277	294	132	129	300	108	223	298	181	278	35	279	237	99	204	142	10	112	141	336	309	73	89	220	31	268	170	157	98	118	339	47	176	60	221	297	11	267	163	182	319	126	127	338	217	186	305	74	106	91	293	325	23	180	243	1	173	39	111	262	162	54	4	104	260	282	105	85	303	171	209	152	166	6	233	302	156	318	82	343	71	230	33	87	64	14	270	216	18	307	236	323	153	212	103	275	154	304	120	52	261	144	215	44	113	134	140	93	101	210	133	5	247	130	79	195	155	115	269	280	117	206	124	136	184	332	102	40	248	90	344	231	232	167	164	313	9	37	72	45	256	276	329	22	36	48	42	315	335	159	57	165	145	122	284	286	291	197	257	139	88	330	107	8	322	51	211	191	234	21	58	272	95	289	78	46	49	317	238	219	207	249	135	201	50	110	75	63	292	92	245	62	0	27	255	250	177	187	148	239	295	340	158	143	273	59	202	208	342	149	123	311	16	224	218	229	308	299	97	125	61	81	168	324	56	19	86	326	246	137	316	34	296	138	254	76	26	288	43	96	83	252
59	14	0	237	67	172	174	330	102	315	83	209	250	328	45	132	198	298	128	31	279	275	199	20	146	74	256	17	137	343	329	160	215	18	342	149	196	308	68	15	61	158	37	218	248	56	322	30	54	95	22	11	104	207	187	339	181	107	77	85	62	193	109	163	89	231	8	344	87	226	321	46	81	122	203	19	283	192	34	75	153	252	326	310	71	1	219	272	147	57	258	253	99	39	259	169	96	183	191	2	245	334	195	141	63	260	179	296	80	341	212	108	142	106	175	186	124	82	4	119	176	331	170	129	90	202	273	204	36	313	42	289	312	43	287	177	111	285	340	26	257	332	143	251	84	55	70	88	197	185	157	267	304	178	92	229	336	293	44	16	236	277	182	286	284	305	281	288	211	208	184	49	269	324	225	115	32	282	302	156	127	162	78	126	297	116	151	10	3	228	213	230	13	164	266	189	86	40	316	65	72	309	278	113	48	33	290	206	227	232	205	29	220	130	166	120	7	121	307	261	64	221	12	171	51	264	105	319	190	58	303	101	123	323	180	161	345	9	152	117	317	69	140	301	6	291	335	114	240	134	155	97	139	233	274	300	60	135	165	333	311	131	138	79	5	38	249	53	194	136	280	98	35	327	145	66	295	306	52	210	234	239	246	28	21	265	244	103	276	110	337	159	235	318	112	201	148	144	262	223	263	320	125	325	299	167	314	241	154	50	24	294	27	243	224	150	41	94	338	217	133	23	268	292	200	173	100	25	91	271	216	247	222	214	188	254	238	76	242	168	73	47	93	255	118	270
35	88	52	263	98	136	111	342	296	299	213	294	115	271	107	104	51	59	67	170	336	17	165	24	264	221	235	121	202	182	272	307	168	269	176	26	14	200	159	131	79	91	311	220	173	254	190	45	240	338	72	68	30	215	76	58	341	3	133	317	232	216	27	217	32	36	334	7	203	146	207	38	260	37	126	118	112	309	292	94	103	166	78	54	226	199	193	224	116	28	304	137	23	157	332	83	100	161	328	139	324	276	198	270	326	278	95	5	85	256	60	123	127	285	333	195	0	318	345	230	335	132	145	268	8	90	152	279	41	33	31	21	340	183	151	66	44	42	246	64	227	329	223	273	20	49	238	245	331	218	117	147	39	303	128	306	212	53	25	12	4	73	46	210	196	148	141	150	71	330	319	343	259	15	143	114	228	243	48	47	86	164	99	265	96	211	125	43	244	339	70	87	108	197	171	241	327	155	274	105	119	323	110	29	301	92	191	81	106	16	154	284	75	314	315	181	280	206	101	63	102	174	188	163	153	6	177	298	321	65	55	208	287	167	187	22	297	169	214	305	89	18	61	308	290	82	184	158	283	277	248	40	233	239	129	325	194	251	9	320	178	130	286	293	113	255	344	122	282	313	337	97	242	257	322	162	80	281	250	124	50	275	289	262	120	295	219	300	192	180	185	302	204	57	34	74	186	62	252	2	267	84	316	11	253	142	225	222	156	209	291	258	261	179	134	1	312	109	160	144	205	234	288	56	172	135	13	231	19	138	229	266	310	77	237	236	140	149	69	93	249	175	201	10	189	247
71	90	216	263	271	76	267	282	317	190	214	223	189	5	273	124	286	130	42	226	322	179	4	36	39	338	210	323	175	137	246	163	199	308	157	242	68	208	22	339	213	14	153	232	294	110	228	121	261	341	168	107	265	58	278	117	51	10	136	257	101	40	69	11	24	89	184	65	131	38	142	145	201	120	188	248	150	236	56	340	302	73	79	49	280	305	133	106	173	165	234	143	245	330	345	337	63	50	229	243	118	60	23	331	336	316	86	35	104	239	45	204	95	247	8	170	212	266	276	103	55	301	227	298	16	335	98	196	114	241	123	198	291	17	268	303	94	220	332	233	134	221	218	33	250	12	217	115	292	52	30	325	283	125	219	27	93	48	258	140	329	262	161	151	26	87	112	253	109	167	269	192	230	272	309	31	333	155	307	164	149	277	18	28	183	320	74	285	181	54	172	259	64	343	211	321	318	0	3	66	1	162	46	284	205	77	290	19	244	182	85	21	310	180	81	224	147	256	6	207	222	70	111	122	166	97	264	20	148	275	293	100	29	240	44	235	287	299	255	37	75	128	25	306	84	238	342	202	270	326	206	72	152	197	274	113	174	7	288	177	225	203	295	102	105	176	47	279	185	171	313	108	34	61	300	311	194	304	319	159	62	92	129	154	251	9	334	187	344	156	91	127	315	13	169	119	32	297	209	191	116	57	324	200	160	249	146	231	43	141	186	289	144	67	88	132	138	82	41	15	158	53	96	237	193	281	254	59	135	252	195	126	327	99	328	178	83	2	78	312	314	139	296	215	260	80
93	207	52	321	43	237	159	143	73	54	240	305	258	28	148	196	91	70	233	215	288	63	342	115	174	138	280	241	114	315	59	257	99	199	12	251	332	4	309	42	236	318	72	253	17	137	122	216	247	145	302	232	157	65	8	208	161	200	282	217	0	41	209	294	317	322	164	107	131	242	119	223	140	314	136	168	330	226	109	169	269	326	277	250	13	88	198	297	102	312	142	271	36	95	175	293	180	298	39	213	83	123	167	133	264	147	127	171	110	79	35	181	340	176	139	252	256	273	276	222	300	152	267	211	154	345	263	37	60	124	246	335	214	178	69	129	162	255	249	3	15	266	21	306	49	179	23	291	184	231	67	283	85	76	243	116	57	34	96	32	221	7	125	301	281	113	308	187	203	68	229	26	78	225	270	9	324	149	170	61	84	86	103	130	22	45	268	195	261	218	165	173	239	303	334	120	151	80	19	117	74	153	344	254	2	47	66	287	336	155	16	177	135	228	50	227	212	197	183	98	343	106	112	333	265	44	337	274	160	296	105	51	235	94	248	310	275	25	202	128	101	156	299	75	191	190	206	10	311	20	82	172	244	92	141	90	278	339	64	328	14	219	38	27	100	204	87	262	327	238	220	55	56	259	163	329	166	134	126	341	30	323	304	18	62	260	188	81	144	313	33	111	194	272	185	186	245	205	325	40	224	295	11	150	48	279	289	71	118	285	97	29	192	316	319	234	182	193	320	104	24	31	132	1	58	121	292	6	189	77	201	5	46	89	108	331	158	284	307	286	290	146	338	230	53	210
28	16	288	281	201	144	283	329	254	154	73	297	273	220	209	243	37	55	171	142	56	115	15	40	337	261	340	102	269	24	203	186	20	298	81	54	338	268	134	307	31	83	255	191	263	66	271	61	245	98	333	128	107	27	153	105	230	114	206	328	279	84	210	129	137	239	259	258	127	130	82	53	342	241	10	126	74	190	221	305	339	23	214	112	131	228	192	150	59	50	38	166	194	316	80	313	251	5	75	14	47	46	123	217	79	195	30	204	165	185	101	159	157	25	246	67	224	236	231	65	247	309	317	70	180	103	319	136	169	93	68	155	77	303	199	58	125	42	4	121	345	146	310	250	109	118	229	6	238	234	244	188	193	189	211	318	3	202	122	78	64	18	151	119	43	278	163	260	140	69	147	266	291	240	168	323	45	284	143	225	227	197	21	290	108	177	57	296	299	256	7	170	29	162	149	97	293	94	218	0	292	132	187	89	237	34	72	49	294	139	138	110	111	324	12	87	198	213	184	332	164	175	249	306	96	205	322	41	63	222	196	248	13	262	179	17	233	11	280	207	90	51	85	124	161	88	287	253	95	270	39	86	181	265	116	145	158	321	311	286	272	200	71	301	330	282	327	106	304	133	60	314	26	100	19	302	152	264	276	8	92	252	32	135	22	62	148	215	325	334	257	52	326	173	35	178	167	226	120	275	44	300	76	208	212	267	216	344	9	320	335	285	295	104	312	343	277	91	182	315	176	172	232	36	156	2	242	308	289	48	141	223	183	331	274	160	336	219	99	235	117	341	1	113	33	174
308	86	230	216	125	146	97	109	240	207	234	166	118	36	220	263	41	292	124	317	46	167	206	9	81	271	266	312	65	199	215	296	119	75	76	189	252	80	6	213	91	126	2	154	39	228	83	214	173	180	98	338	92	48	177	34	235	196	165	103	159	170	238	332	257	284	112	5	69	306	188	198	85	31	10	127	243	330	236	58	318	270	14	169	42	155	331	194	94	78	219	233	144	3	226	157	11	122	297	242	123	45	107	101	274	74	145	335	328	301	102	143	221	175	185	162	186	201	322	105	138	136	182	22	197	32	68	291	163	111	217	115	176	195	273	37	77	106	237	95	100	183	259	134	340	324	26	246	56	279	35	53	315	120	90	151	310	12	21	336	1	202	132	13	314	203	251	287	84	142	108	17	341	61	192	303	261	249	309	73	0	150	89	67	64	205	293	190	282	323	209	4	339	247	38	164	229	116	131	231	27	133	285	43	130	30	311	114	280	272	19	200	316	295	329	121	232	148	172	28	129	256	320	137	245	191	210	344	62	288	51	40	50	187	337	343	204	152	211	239	16	8	99	128	140	70	269	283	178	224	139	294	7	248	212	264	262	93	342	79	327	49	250	147	20	57	333	299	55	326	184	290	33	110	25	47	174	334	59	153	277	161	244	158	302	319	253	300	179	267	52	54	72	304	168	260	160	313	24	298	44	63	18	60	254	225	87	223	88	278	222	208	218	307	325	276	171	275	193	258	286	66	113	71	82	156	141	15	289	265	23	345	255	135	29	181	227	117	104	321	268	96	281	305	149	241
280	68	140	317	56	305	121	147	271	200	29	340	164	308	266	134	36	157	239	263	224	307	294	325	300	126	285	23	243	163	65	91	73	21	123	283	37	18	3	270	256	62	215	213	296	83	50	210	122	208	74	202	72	279	160	95	107	344	203	248	66	96	321	113	90	173	331	231	154	289	59	218	119	235	85	276	333	190	1	198	61	212	278	115	303	51	31	6	47	137	219	27	57	144	257	58	33	139	255	281	180	146	99	206	131	43	80	227	168	8	337	156	232	320	4	17	94	167	84	185	7	330	272	2	287	299	237	132	149	250	42	245	49	322	108	341	175	178	162	143	262	22	120	60	82	196	93	204	326	249	19	225	76	286	258	234	238	191	309	269	70	75	9	110	316	88	142	128	48	169	327	87	127	221	223	240	81	100	295	292	130	313	125	14	187	197	24	71	293	339	342	12	97	150	28	25	155	176	277	311	253	54	30	216	335	194	291	189	233	32	288	228	13	236	179	328	117	275	63	267	10	98	67	161	209	145	284	159	251	334	11	165	171	324	92	114	214	103	55	138	207	195	40	35	193	205	261	69	338	158	201	282	182	104	315	222	332	133	188	306	86	34	199	345	45	314	265	323	329	0	129	273	304	101	290	39	16	153	268	148	298	177	136	118	20	242	64	105	112	192	52	226	318	135	343	41	211	186	124	152	297	310	220	246	5	46	301	106	259	183	336	38	166	79	89	174	312	264	15	170	247	26	229	116	181	184	319	141	252	274	78	109	254	111	44	217	77	102	302	260	151	241	230	244	53	172
77	4	300	202	193	323	109	84	183	290	240	89	157	135	111	287	343	98	311	342	13	288	295	345	249	106	62	37	299	291	220	145	233	149	179	29	271	55	289	68	309	27	297	65	184	120	22	40	194	169	49	73	125	93	66	263	319	159	265	293	285	12	136	61	3	94	85	196	150	204	20	133	197	108	170	211	274	187	16	10	115	24	33	191	322	160	298	161	23	275	212	79	243	14	140	166	198	292	112	59	87	90	148	117	76	151	176	239	99	121	252	277	229	316	102	17	131	137	172	314	236	88	340	276	180	245	105	124	301	129	232	171	266	156	141	339	267	312	310	144	44	123	92	221	5	302	329	192	222	21	199	6	57	28	282	19	177	247	219	337	313	230	304	86	261	134	8	262	269	328	264	333	317	41	268	51	338	60	127	25	58	248	320	241	43	48	258	42	332	113	107	280	270	70	174	207	126	279	225	155	244	296	200	96	56	216	341	257	231	182	327	326	1	119	31	242	158	189	167	188	83	53	30	2	203	273	201	272	256	114	253	69	324	64	81	246	178	9	218	228	11	186	205	181	80	283	82	330	278	104	306	103	118	50	334	315	336	75	63	209	74	97	165	284	325	18	163	344	234	15	224	195	139	47	132	281	72	143	138	32	321	307	0	286	142	208	254	100	130	101	154	217	175	7	71	303	152	250	34	238	78	227	54	116	146	36	173	35	318	46	67	226	147	153	308	294	164	52	223	110	237	331	259	235	122	95	210	45	335	128	162	251	305	260	190	215	214	38	206	168	255	91	213	185	26	39
270	259	302	197	339	168	340	194	154	335	331	244	204	258	77	314	322	70	288	6	323	31	257	158	187	133	183	227	206	58	21	142	145	18	210	141	344	38	182	198	186	295	45	64	304	3	63	79	8	116	285	51	279	101	292	117	251	155	62	297	261	170	184	94	243	41	135	328	4	330	312	27	59	319	207	211	212	200	146	193	127	199	11	240	333	16	73	86	167	13	189	74	252	172	85	226	28	25	128	152	276	229	217	112	35	0	65	67	289	119	205	235	9	24	157	1	316	209	248	43	115	22	130	166	139	162	122	320	274	144	202	143	14	12	105	140	125	310	318	98	106	174	277	195	138	82	263	161	222	237	246	180	293	147	221	15	317	311	345	29	47	129	213	156	149	264	176	326	103	215	56	334	83	239	44	84	241	61	249	234	181	262	280	284	49	164	175	245	291	69	55	123	253	78	173	53	329	20	298	272	137	219	185	5	303	265	327	341	57	50	60	179	255	46	52	281	300	233	338	282	96	89	242	324	196	37	178	254	306	126	100	93	223	80	151	102	33	136	75	39	260	216	269	120	110	325	231	81	95	177	36	342	68	266	307	321	343	88	87	91	225	7	250	23	148	92	315	32	54	109	76	275	19	214	42	90	34	118	287	124	224	10	337	201	238	26	40	153	299	132	301	108	171	256	305	48	230	191	114	286	278	283	228	72	290	336	169	236	220	247	2	150	313	203	163	104	71	99	97	273	159	294	188	17	267	160	30	131	121	296	268	332	308	190	208	218	111	165	66	309	113	107	134	192	271	232
219	70	6	160	186	146	189	329	109	47	265	191	11	175	87	282	228	64	66	339	14	229	164	298	68	50	130	55	82	24	72	326	321	310	287	106	159	13	102	105	182	334	25	149	169	263	84	154	83	313	142	61	301	123	124	80	284	157	270	308	202	34	307	266	128	92	327	223	120	139	214	200	220	129	170	242	42	133	122	96	239	337	18	248	134	195	43	1	283	100	58	63	241	314	60	145	12	172	317	274	291	103	343	258	311	89	290	45	245	330	335	232	269	93	33	184	166	210	309	88	256	112	73	94	168	235	46	161	152	233	153	213	99	138	238	257	173	338	206	137	16	167	300	91	318	193	101	328	289	39	302	17	319	71	20	188	203	267	192	280	225	297	254	176	136	262	69	216	211	295	180	333	247	113	30	324	288	221	185	132	205	177	299	315	246	19	268	117	48	197	95	183	147	65	194	306	116	278	212	261	44	340	8	111	201	37	110	118	21	243	23	271	312	90	76	108	255	226	162	35	207	272	178	81	163	57	121	209	336	26	303	140	3	104	4	281	77	217	316	135	62	251	218	286	293	38	305	244	155	323	253	275	144	204	249	28	342	227	277	2	36	29	5	32	115	156	285	276	345	98	74	259	143	41	10	179	7	208	148	294	304	49	174	97	215	52	79	230	126	119	0	141	15	127	86	171	27	273	234	236	150	332	67	224	252	40	320	260	131	187	344	196	53	125	9	78	296	31	325	75	322	158	54	250	165	264	51	107	59	292	85	240	181	199	237	231	198	56	279	331	341	190	22	222	114	151
276	42	33	36	204	34	173	161	43	223	72	110	104	297	67	241	327	306	163	216	254	152	27	185	332	107	125	279	206	48	17	324	66	292	264	197	289	253	58	133	76	272	209	171	213	91	89	139	244	74	148	246	181	180	308	183	113	63	130	338	243	47	153	53	26	154	300	259	172	124	50	115	193	83	329	288	258	9	37	159	146	198	212	118	165	225	239	56	199	106	186	268	271	248	136	214	335	143	247	190	35	249	30	54	331	65	82	273	189	70	233	333	62	112	157	330	119	230	121	31	195	227	242	207	262	59	167	155	281	278	222	296	275	286	215	339	263	44	340	90	312	336	313	149	8	316	310	341	334	299	283	108	84	45	10	284	80	164	86	81	135	12	179	208	111	11	97	287	18	203	194	184	61	170	166	25	13	55	302	71	19	255	22	116	169	75	321	182	49	236	120	127	92	303	342	260	325	138	68	69	20	240	178	295	291	175	294	221	131	326	218	251	257	317	238	285	217	224	290	96	52	3	7	176	202	304	323	315	5	250	191	93	343	226	307	24	228	328	177	305	200	201	15	270	261	14	77	229	267	220	141	126	266	51	147	114	256	187	99	245	145	140	32	57	318	309	144	2	158	117	282	88	320	79	274	6	4	40	237	210	122	211	1	95	64	344	234	265	322	98	174	205	277	103	196	280	311	78	162	345	137	38	231	109	134	314	219	188	192	142	298	337	301	156	319	39	128	160	123	87	168	41	100	21	102	105	132	73	235	28	85	0	232	16	29	46	150	60	129	269	101	151	94	23	252	293
140	233	88	313	331	255	311	306	250	188	242	156	64	38	47	173	65	201	318	270	129	118	164	37	223	283	82	147	288	237	206	163	275	111	115	292	66	85	112	87	116	12	178	98	217	344	133	197	154	171	338	328	258	58	295	60	191	31	119	53	108	63	207	183	120	320	211	32	76	277	44	238	215	286	257	296	225	113	143	259	321	86	169	23	95	24	240	14	200	57	251	145	232	110	330	109	33	155	2	216	196	136	341	59	187	72	329	15	92	218	274	97	282	172	126	280	264	152	52	198	276	319	323	279	132	4	253	299	210	148	304	150	326	67	179	160	245	8	310	186	107	134	81	192	284	222	45	252	43	137	166	26	265	261	241	340	268	50	185	300	144	165	247	54	184	40	146	174	224	9	103	291	271	316	302	324	161	336	106	221	20	17	25	260	267	176	339	124	123	219	130	16	182	91	139	227	153	7	298	89	297	6	131	315	208	149	205	30	343	162	21	236	244	157	256	100	102	303	287	51	309	22	1	70	19	35	96	75	226	114	246	180	138	80	135	325	294	177	128	3	39	104	231	335	202	141	249	314	55	305	195	74	99	42	293	159	170	199	334	48	105	317	27	235	41	234	93	229	56	61	90	46	285	83	125	212	117	79	278	213	230	13	272	214	266	77	158	281	332	151	71	84	345	18	127	142	11	181	69	0	301	29	203	312	220	333	10	168	36	68	263	243	262	290	322	254	28	49	167	228	239	62	73	289	327	94	78	269	175	193	204	248	5	121	342	189	101	34	209	122	307	190	308	194	273	337
75	61	97	39	308	181	252	220	27	46	13	281	24	296	212	168	60	192	133	145	255	73	107	58	4	262	198	144	103	64	190	246	119	343	41	200	47	175	70	188	216	34	229	117	72	178	292	93	182	328	233	341	310	325	259	226	143	126	30	170	249	5	56	140	313	87	321	204	131	265	147	10	11	84	305	191	114	102	153	331	245	234	50	280	111	141	160	53	223	290	291	139	312	195	297	45	86	99	210	213	254	80	69	152	287	166	205	314	92	284	302	311	125	122	275	22	180	26	156	283	6	162	37	197	142	67	68	40	208	295	96	334	163	251	110	31	243	54	293	227	329	218	219	271	322	123	158	260	77	55	336	272	303	29	85	323	109	138	247	289	83	9	81	340	148	214	277	14	91	129	345	282	169	113	211	101	288	165	344	15	136	202	187	231	230	294	88	130	82	342	157	240	59	201	132	120	250	171	301	298	128	253	326	320	209	269	327	146	222	172	134	65	43	217	179	78	203	225	18	155	151	174	241	8	337	278	276	248	63	317	57	186	316	32	108	71	167	19	335	135	339	76	89	44	159	1	242	98	74	286	315	116	285	173	232	137	239	189	33	121	124	115	332	164	273	299	79	268	20	149	48	21	49	3	309	338	95	236	300	66	150	224	17	324	112	62	193	176	35	28	183	177	267	274	318	185	42	304	100	36	238	118	235	154	237	306	184	52	38	104	307	228	7	221	106	270	264	94	199	257	207	330	51	127	90	2	279	196	333	206	263	25	16	244	23	256	105	261	319	194	215	161	12	0	266	258
213	195	147	261	216	87	128	4	332	344	142	233	203	126	170	242	75	1	125	223	17	88	117	295	292	179	214	159	340	98	16	244	333	124	82	153	113	296	70	56	138	317	135	20	59	24	257	320	109	8	315	202	217	240	263	225	18	188	183	247	198	265	300	187	23	193	314	85	58	205	211	260	51	144	30	185	238	46	253	149	307	212	287	83	190	52	31	165	219	255	164	237	264	67	327	303	176	274	319	243	42	272	81	318	64	189	308	258	78	62	146	27	57	132	160	283	250	173	305	221	220	309	6	66	86	231	208	102	191	226	239	115	329	119	5	36	12	311	22	79	279	288	97	177	197	310	21	278	74	26	290	28	331	25	154	107	312	33	343	91	297	55	41	43	14	294	273	44	326	34	321	9	201	123	61	151	96	339	284	80	323	209	162	127	228	145	7	276	254	137	252	136	90	77	174	35	139	184	49	118	230	152	3	84	175	232	322	256	330	335	0	182	140	38	262	251	236	163	32	69	167	200	345	155	210	50	324	291	181	11	141	68	172	120	76	338	99	53	116	207	106	342	269	337	129	199	241	19	328	105	271	286	222	103	267	89	245	104	186	248	235	148	194	73	157	275	39	234	114	122	156	54	229	293	289	180	299	72	71	302	316	334	45	37	133	304	306	313	150	301	100	277	178	130	131	47	111	259	341	280	224	281	95	92	336	158	65	29	108	121	94	143	169	249	215	171	161	246	13	101	218	268	63	227	325	168	204	282	112	196	166	40	192	2	134	206	10	270	93	266	298	48	285	110	15	60
306	343	117	50	316	279	258	324	123	27	305	333	52	182	322	139	203	330	88	109	186	41	226	257	229	43	115	195	236	66	250	150	199	62	242	75	65	263	291	49	299	47	313	204	90	240	71	141	212	223	21	53	155	328	122	99	295	230	280	168	314	205	0	60	311	241	101	132	103	296	218	191	55	308	315	184	140	107	294	48	247	42	237	127	56	269	149	189	170	12	332	259	331	339	76	5	89	213	338	18	24	33	118	238	244	108	6	10	320	138	297	81	284	273	98	157	319	222	300	304	198	26	153	318	208	201	176	83	92	45	249	46	224	310	15	58	80	281	59	105	39	161	25	327	84	61	51	286	11	17	67	261	112	96	68	106	4	335	102	251	228	137	340	185	7	134	93	159	234	211	219	37	119	124	163	111	227	166	248	2	95	131	23	3	342	221	28	334	344	133	255	283	142	125	272	156	246	254	278	145	275	85	154	174	274	116	181	79	197	74	40	158	179	206	162	113	128	20	290	253	307	262	326	231	245	30	34	293	164	69	87	97	114	288	341	209	196	282	167	252	104	317	9	129	73	77	192	152	54	19	86	178	151	1	215	329	193	130	256	100	171	345	302	110	143	285	277	202	200	148	268	121	136	8	147	57	194	270	312	63	70	292	271	325	266	298	301	169	36	243	82	260	22	146	239	220	13	309	160	72	177	276	35	207	225	120	216	29	188	210	180	233	321	165	126	44	264	64	337	214	135	336	175	172	32	31	232	235	187	173	144	303	38	265	287	14	94	16	217	289	78	91	183	323	267	190
261	236	327	163	97	267	196	131	44	329	80	258	228	95	148	118	84	336	14	13	139	211	262	110	343	0	147	320	263	274	23	11	150	166	87	32	207	244	313	79	72	134	168	104	133	59	199	344	287	245	71	108	164	180	120	306	247	208	178	143	37	200	172	309	269	319	291	230	290	250	294	231	298	235	328	8	299	27	193	33	192	286	66	151	340	3	213	220	173	132	52	9	301	5	117	260	335	264	141	181	295	119	201	45	293	240	333	42	89	284	243	311	283	28	136	272	60	169	268	35	123	330	176	58	88	7	36	175	40	177	121	99	288	101	312	302	124	241	280	92	324	94	21	253	342	49	238	242	171	232	154	67	216	292	282	144	345	270	210	142	252	25	149	77	129	203	300	277	239	278	314	53	310	138	212	191	130	105	304	82	341	155	215	22	204	73	275	122	50	17	217	62	251	265	158	229	39	266	254	337	55	285	331	202	1	227	20	308	197	209	68	233	318	152	126	161	167	153	187	140	179	64	165	74	86	273	159	107	279	255	184	194	325	135	19	224	2	51	190	75	219	222	61	339	100	103	63	223	113	12	322	4	26	6	111	128	248	15	24	93	56	321	18	34	323	170	225	186	10	85	174	182	30	115	65	189	116	281	137	57	332	296	188	205	259	48	214	125	46	256	106	41	326	91	83	271	317	307	183	47	157	221	334	234	29	146	218	70	69	195	90	162	246	316	54	114	102	16	127	156	109	43	81	38	112	76	297	305	160	145	78	198	257	96	289	185	315	237	276	98	226	338	206	303	249	31
194	305	218	165	21	306	116	11	236	272	26	273	207	286	325	230	139	339	267	276	252	326	54	318	248	288	216	27	118	66	9	188	117	175	166	141	221	182	223	72	246	5	210	50	344	189	103	323	214	271	2	338	293	208	250	268	68	32	1	3	132	201	92	130	176	300	35	294	317	114	226	81	205	34	332	83	119	64	242	40	15	74	80	59	319	128	196	220	164	65	70	158	49	149	184	337	69	156	234	19	107	75	292	96	124	298	191	282	171	151	301	225	255	106	87	57	269	47	71	44	329	147	97	161	60	199	241	110	121	142	217	38	284	162	33	253	280	91	258	51	55	185	131	86	88	307	22	204	146	266	232	20	183	202	257	289	17	341	187	265	105	95	137	322	89	150	259	143	342	52	321	295	177	157	264	211	302	13	113	224	152	112	85	249	148	179	23	90	200	61	111	12	215	144	79	168	82	283	0	178	173	263	308	7	122	235	63	192	58	239	270	304	310	99	260	324	28	94	237	10	274	167	8	98	136	213	254	14	62	203	140	278	314	198	73	303	125	309	197	134	233	193	160	174	101	297	29	313	25	222	244	209	228	45	159	320	133	316	126	299	229	311	247	315	212	277	333	154	77	6	312	335	240	291	243	279	180	24	115	219	46	287	104	108	261	100	190	48	290	245	195	345	78	331	336	30	36	41	251	67	39	172	16	262	84	129	123	340	109	334	138	163	53	31	145	328	76	227	330	256	18	285	42	127	120	343	275	93	281	169	296	186	102	4	135	170	327	153	155	56	43	181	206	231	238	37
300	334	147	188	97	139	285	173	86	103	233	73	271	325	114	94	297	155	152	70	245	253	293	229	68	51	34	99	26	251	36	288	164	181	190	130	250	189	247	90	108	192	96	166	267	82	287	91	330	341	314	302	72	143	187	13	255	337	131	326	194	276	74	263	216	284	264	88	185	328	138	318	78	320	4	32	248	76	212	89	272	182	137	268	329	246	175	259	176	222	209	313	280	223	125	274	203	323	107	29	169	54	167	186	252	289	242	53	294	141	312	211	149	21	12	24	117	319	260	39	44	168	0	69	295	109	10	61	154	304	234	9	235	115	199	105	256	79	316	123	87	118	124	310	307	6	127	52	142	224	60	184	239	170	84	98	262	47	172	193	238	317	236	273	227	214	2	40	150	104	237	140	308	217	206	77	62	111	15	230	45	66	158	270	338	148	63	232	119	16	197	301	48	46	159	136	279	299	146	345	23	7	208	269	14	292	204	64	49	327	261	30	27	43	5	33	171	41	133	156	296	95	291	17	286	22	202	265	57	116	3	126	344	278	8	218	110	195	20	281	25	180	201	225	174	92	282	19	31	333	191	163	332	120	315	331	226	196	305	106	75	11	336	183	58	290	101	215	275	343	207	50	71	254	157	339	162	283	83	102	177	244	144	240	205	221	198	112	220	135	67	161	85	306	178	100	340	277	298	228	257	321	93	160	335	322	80	145	65	35	311	179	200	303	219	134	55	37	1	324	56	129	266	59	231	241	249	121	213	210	18	28	309	342	151	128	38	113	258	165	122	132	42	153	243	81
278	91	222	259	108	263	313	49	230	257	6	332	236	177	297	12	163	86	115	71	41	29	226	233	227	63	153	141	328	275	309	118	161	250	199	82	136	75	334	126	281	338	77	296	33	21	228	149	90	109	325	56	312	103	237	337	322	73	135	306	132	277	248	286	4	113	11	60	254	15	188	243	102	54	100	305	201	319	156	158	42	212	176	238	308	245	45	89	121	182	255	43	219	52	139	152	74	70	220	125	46	246	44	95	119	173	209	117	256	242	264	120	314	183	206	178	315	114	0	194	169	262	253	343	210	192	32	129	276	3	50	266	19	61	93	175	234	333	88	320	53	51	133	186	37	166	7	268	13	1	48	110	9	196	204	231	181	164	68	272	293	98	283	221	67	92	330	288	8	17	134	144	94	344	241	57	208	327	217	81	273	83	303	87	112	128	116	131	249	339	64	16	311	213	215	5	167	345	191	26	2	145	154	138	292	336	127	200	301	55	140	287	299	341	260	76	20	47	295	28	65	79	150	180	96	316	105	137	285	123	165	190	179	101	211	30	300	224	298	25	289	294	107	218	329	269	78	187	99	207	274	27	323	317	232	185	106	189	157	62	122	124	239	143	168	72	155	36	184	171	35	265	58	214	104	291	267	225	111	321	326	31	85	261	10	331	252	172	97	235	304	223	282	162	342	170	307	318	205	229	197	244	271	22	335	340	159	38	280	195	130	80	284	302	69	258	147	198	203	240	39	148	270	18	310	40	324	151	251	193	146	59	23	24	160	174	279	247	142	216	290	34	14	202	84	66
53	282	61	13	132	192	164	221	287	235	317	156	328	146	326	103	244	30	203	180	330	231	189	10	334	270	28	59	162	98	122	56	254	207	255	128	293	232	32	93	296	17	292	215	147	115	143	4	90	224	85	245	31	262	140	305	276	301	119	123	168	267	66	272	112	183	218	342	205	171	300	80	43	178	339	48	134	210	225	95	158	116	117	274	199	335	138	236	181	260	307	248	81	175	268	136	252	302	79	316	163	309	15	106	155	109	337	27	19	177	174	72	220	54	243	226	196	338	44	100	69	137	65	152	291	266	188	83	50	22	329	105	315	74	187	148	277	166	323	294	1	288	241	208	5	110	242	217	264	78	0	150	230	135	195	283	118	52	131	96	23	318	8	6	21	275	159	67	227	179	209	247	84	139	82	211	239	141	169	314	306	58	310	341	297	167	26	133	127	281	299	313	62	41	259	34	265	222	345	308	191	263	321	332	249	170	38	86	11	304	229	2	130	295	64	154	94	331	14	47	49	12	194	223	182	324	16	202	212	256	280	240	312	25	114	325	108	333	311	253	165	173	184	286	89	46	279	104	113	269	246	71	160	201	88	200	214	97	18	273	190	102	185	29	336	20	258	237	35	144	45	87	285	99	57	261	51	126	107	37	219	176	151	238	204	289	298	76	320	120	39	327	216	228	7	91	145	257	172	63	213	92	55	284	290	111	198	121	186	250	206	60	233	343	161	3	278	142	157	340	234	149	153	322	319	193	73	77	40	344	101	124	9	129	70	251	125	303	197	271	68	33	75	36	42	24
319	317	63	198	257	271	308	4	11	158	120	84	343	239	320	231	332	93	101	81	64	341	179	54	57	78	270	29	324	230	79	177	163	207	335	240	250	284	288	10	52	94	107	318	302	237	165	72	62	65	175	182	172	59	125	243	162	306	293	115	326	225	169	50	211	117	43	215	75	181	142	294	150	304	0	268	135	188	47	300	88	23	259	330	315	3	151	266	205	323	152	122	251	102	210	333	2	32	322	212	214	36	275	309	108	132	272	42	134	171	203	331	103	8	202	249	106	233	33	209	17	91	232	189	244	208	285	234	148	86	104	227	147	277	70	55	95	9	178	105	153	45	155	338	206	40	316	89	296	307	37	26	190	289	12	292	247	222	133	85	340	278	195	242	51	56	15	200	311	7	276	328	336	312	138	273	254	22	342	170	218	219	258	201	325	99	255	297	1	174	111	77	121	98	112	39	24	260	160	149	74	252	299	60	213	20	313	187	246	216	38	339	87	280	196	229	118	183	184	287	126	269	321	136	220	34	141	145	114	204	116	236	221	199	19	53	27	194	67	159	157	5	73	228	186	96	290	48	256	223	13	263	241	80	18	301	226	217	185	100	164	58	176	6	127	68	83	35	295	166	46	14	345	28	344	253	119	41	283	238	327	123	267	168	137	262	76	334	167	274	192	279	193	140	156	131	113	180	265	305	281	61	110	25	71	245	30	128	146	124	129	154	197	191	161	248	337	286	298	66	31	90	21	224	16	291	143	49	69	92	282	329	261	303	82	314	310	44	144	139	173	109	264	130	235	97
238	311	20	173	280	320	55	127	42	216	115	186	269	67	0	284	231	117	145	11	332	97	197	76	165	21	83	136	135	329	19	89	199	345	34	249	114	187	12	88	71	5	235	39	317	172	302	217	324	22	236	297	146	326	118	90	267	178	124	282	335	246	247	4	259	265	26	150	191	163	65	122	104	334	214	298	80	23	290	105	227	109	212	101	56	201	3	261	9	161	51	288	250	125	148	62	182	137	95	120	271	176	14	37	160	72	263	221	32	196	157	193	223	86	318	113	275	323	179	7	141	273	248	81	73	66	171	78	27	69	177	331	184	47	111	38	189	48	58	16	341	142	333	43	228	149	283	116	152	285	112	254	192	198	17	77	139	107	1	74	188	241	299	40	337	262	232	315	15	79	144	292	156	230	87	60	35	312	143	306	209	343	159	41	106	70	257	98	286	325	245	268	338	190	33	132	31	54	260	61	340	75	252	154	6	239	222	242	102	50	313	310	170	278	194	174	225	296	84	303	134	279	314	243	211	44	140	336	272	168	215	226	92	181	85	2	59	308	244	219	208	319	264	108	119	147	93	24	169	294	218	229	258	162	206	234	307	18	57	256	63	207	103	301	128	46	155	49	131	123	281	276	289	344	164	100	304	129	220	287	96	255	121	291	251	266	167	45	213	151	237	205	8	180	166	94	253	203	126	322	36	82	202	133	130	200	274	293	224	68	321	309	204	330	153	342	64	233	91	29	183	110	240	327	328	138	270	30	277	52	195	25	300	185	316	158	53	295	210	175	305	339	13	10	28	99
271	79	211	294	275	199	66	104	342	233	49	276	155	300	24	321	135	313	51	195	7	256	286	248	203	113	94	207	168	56	312	328	91	293	57	306	107	230	297	150	72	274	88	130	13	82	246	219	251	171	37	112	329	115	111	55	175	40	231	46	161	223	288	277	14	307	136	12	289	325	268	96	221	42	189	245	50	336	272	250	36	54	228	298	23	172	299	60	236	305	120	180	327	78	303	41	201	131	119	179	105	205	160	191	153	210	345	254	97	292	83	86	178	257	63	314	167	310	118	8	98	114	29	170	316	58	124	320	240	192	121	279	137	241	144	229	81	296	101	75	146	265	164	266	255	11	304	65	71	318	16	19	213	117	102	34	208	338	33	217	344	125	47	337	181	9	315	186	261	235	151	140	326	59	237	302	0	204	291	110	152	222	62	331	225	64	290	128	341	253	103	214	22	332	244	15	182	187	194	301	287	38	26	322	28	2	126	273	6	108	84	129	163	335	43	242	4	134	109	93	232	249	158	53	238	264	193	127	73	31	270	21	212	76	209	99	281	92	190	10	132	80	200	216	267	145	143	259	226	148	25	138	324	106	89	1	263	165	215	243	340	309	44	85	20	330	166	87	269	3	206	317	74	258	278	247	339	154	239	218	156	122	77	319	174	283	197	198	169	323	27	95	220	61	147	18	116	227	45	196	159	260	176	48	162	141	333	142	139	252	295	173	32	308	35	311	343	100	68	133	123	184	183	185	69	262	149	39	280	177	70	157	17	234	188	334	67	5	285	90	202	284	52	30	282	224
62	56	37	38	305	209	41	142	64	213	105	304	284	246	341	67	219	46	199	288	279	55	206	93	293	291	104	88	241	337	267	84	190	217	189	118	285	51	60	184	317	156	281	243	57	43	12	308	65	191	18	221	318	120	140	22	127	286	269	47	168	319	215	214	19	78	73	197	165	164	266	315	125	325	270	181	91	11	4	112	314	222	144	239	332	340	185	58	327	226	272	8	139	95	13	150	336	283	303	172	254	26	175	276	230	309	260	321	24	180	179	90	80	265	92	345	251	157	220	97	173	153	138	122	75	169	329	289	59	192	296	110	282	242	232	148	74	6	33	294	7	178	307	72	70	151	182	113	159	170	299	45	201	211	145	339	116	240	205	313	256	277	311	29	23	300	132	333	195	292	83	152	224	171	129	344	244	233	261	238	280	14	131	21	343	52	31	27	17	236	121	186	196	39	79	162	69	16	32	247	263	316	96	107	53	298	208	290	119	188	312	225	271	149	335	82	234	223	136	258	155	63	44	109	42	111	28	89	35	297	50	194	85	324	146	123	128	183	301	237	71	9	216	34	338	102	100	49	77	1	235	252	99	117	103	310	86	245	166	126	94	66	10	130	259	193	187	161	228	331	177	133	115	198	204	322	323	210	334	229	212	134	207	248	2	40	330	264	250	202	76	15	262	114	278	174	200	61	87	249	5	137	255	158	203	135	176	30	275	231	320	36	101	3	98	68	0	81	160	257	253	108	326	218	154	163	25	287	342	106	54	20	143	273	124	302	306	227	167	274	268	48	147	141	328	295
148	23	279	52	332	6	150	216	328	25	191	26	57	81	200	129	269	120	256	334	290	60	342	114	30	115	140	206	14	132	162	248	51	324	118	244	280	264	181	273	155	38	271	28	41	3	22	188	79	207	212	109	56	345	89	152	101	111	227	80	210	249	221	147	65	333	267	165	163	217	300	228	157	59	253	74	145	243	50	240	338	173	331	53	71	302	72	336	90	170	258	291	98	242	237	0	84	326	327	99	314	137	15	288	195	194	86	37	2	62	330	220	305	283	139	73	178	104	312	274	16	138	159	88	204	141	66	167	102	265	70	189	103	164	268	18	307	20	55	196	337	284	236	231	154	222	97	316	122	113	187	261	108	287	94	294	125	235	68	91	75	335	193	177	174	325	24	251	239	126	323	78	218	202	296	281	61	277	93	320	295	69	36	40	160	289	11	254	322	278	303	127	310	184	46	232	297	192	176	128	143	7	344	238	301	179	172	293	8	255	27	292	10	58	205	64	82	211	213	246	153	48	208	241	31	1	171	259	13	201	9	146	257	263	112	95	34	96	42	315	245	317	339	116	168	45	161	223	306	117	32	77	313	133	144	156	63	230	186	266	199	270	121	183	343	158	85	225	262	319	76	311	298	87	175	182	105	49	5	17	234	318	106	134	321	226	214	190	252	282	29	169	180	100	197	209	135	44	341	198	166	308	136	285	131	39	215	43	54	250	299	260	304	35	309	276	124	142	110	233	107	12	272	47	203	340	119	21	83	130	329	229	185	286	123	33	275	4	19	219	67	149	224	247	92	151
6	59	318	290	273	336	341	202	299	15	13	288	78	18	177	208	12	228	80	92	95	61	94	321	309	279	19	221	231	147	345	224	331	278	269	128	148	253	235	53	272	286	191	34	1	140	176	153	266	293	9	57	303	263	139	295	248	33	337	137	110	142	98	317	203	247	181	287	340	159	8	184	109	161	314	178	135	160	210	179	121	241	60	220	275	190	126	167	143	268	219	83	123	304	138	105	168	313	152	5	300	233	195	236	333	74	297	242	282	127	201	316	311	111	218	99	175	64	24	63	249	211	222	66	332	256	151	339	323	225	289	70	16	271	308	157	301	306	39	315	192	136	274	216	227	325	223	73	22	85	164	2	204	199	230	29	229	115	276	65	244	294	239	69	252	267	264	307	217	298	81	45	198	37	97	149	91	193	54	41	186	46	26	232	104	132	194	312	131	48	134	196	212	182	55	238	96	141	44	100	188	329	120	108	270	62	197	205	334	3	322	101	75	237	344	209	52	17	280	146	50	130	155	251	88	296	281	246	305	185	76	106	30	25	259	189	117	283	116	277	206	35	27	125	51	265	319	200	330	129	171	86	47	42	36	58	261	257	207	183	23	103	154	169	77	302	14	258	262	82	328	112	38	326	10	327	32	335	68	165	107	102	21	285	342	89	213	133	43	7	28	255	187	122	40	338	292	172	284	215	240	67	174	254	260	245	56	324	71	144	145	90	166	250	170	310	93	11	243	87	214	173	291	156	118	119	163	226	343	79	84	162	320	114	158	150	234	49	31	124	20	113	180	0	4	72
81	239	59	5	0	103	99	265	147	254	34	55	37	91	157	151	53	155	222	175	236	119	54	178	164	204	108	186	336	165	93	223	210	12	248	90	182	97	228	276	123	319	92	290	330	153	345	189	18	46	255	245	89	156	172	340	9	320	331	64	128	101	111	146	231	169	23	125	116	140	327	205	33	52	201	124	118	296	253	341	72	70	252	139	328	261	40	113	141	115	260	149	132	326	179	67	188	56	114	305	191	225	50	277	230	268	272	259	109	13	247	22	288	196	47	286	170	234	297	213	20	71	343	263	60	152	298	4	282	317	339	325	136	94	95	262	160	270	126	197	58	203	244	24	269	275	211	25	166	220	107	105	130	131	233	104	206	98	221	75	193	207	102	187	251	65	86	134	264	171	208	3	85	168	51	17	257	26	68	235	323	195	281	181	61	199	76	83	42	133	144	62	321	36	273	308	8	212	29	49	216	304	315	74	161	229	79	227	78	217	219	41	278	120	335	200	44	311	299	283	266	243	289	312	110	117	154	57	174	10	6	280	342	226	138	163	183	82	142	1	43	21	285	63	214	11	313	38	284	224	66	291	333	19	194	267	309	318	106	143	271	306	137	45	185	73	292	35	332	135	274	16	14	87	145	148	190	28	246	314	294	162	198	337	232	192	316	158	256	7	96	279	302	238	177	31	150	84	249	173	15	159	287	2	48	202	334	112	307	121	88	310	293	295	77	127	250	303	218	237	167	180	69	80	100	300	301	324	338	215	329	30	242	322	129	184	209	258	240	241	27	344	122	176	39	32
264	345	118	95	112	17	113	190	99	297	21	172	25	198	14	86	140	292	232	64	280	308	34	162	13	330	63	291	72	110	142	285	192	289	243	320	35	98	73	249	222	147	89	263	302	299	254	176	58	103	15	242	28	223	107	203	306	94	343	90	62	218	278	267	129	259	167	149	169	344	111	310	31	179	137	196	91	141	50	252	76	191	328	16	177	279	117	257	42	51	101	296	74	332	240	290	116	161	114	7	36	146	160	246	23	258	298	164	266	3	20	316	216	284	272	295	11	185	233	26	314	139	201	5	248	33	250	100	333	247	128	188	294	303	329	234	10	178	231	230	288	145	327	138	189	119	277	210	108	293	215	173	105	205	88	318	339	78	260	82	253	305	127	93	150	55	193	213	228	4	170	60	171	32	87	273	307	334	8	158	315	163	323	241	22	317	287	325	212	338	286	159	282	238	227	43	37	217	324	19	151	226	202	251	236	311	283	211	152	194	200	49	66	197	2	68	321	130	309	126	44	9	18	255	77	71	199	181	80	204	104	187	144	155	131	206	180	46	175	27	154	157	276	275	326	245	79	207	335	109	143	122	186	312	24	75	174	52	262	319	244	165	6	274	84	67	56	336	0	61	301	229	47	69	132	135	331	300	224	92	322	125	341	256	38	121	281	265	81	53	271	45	40	148	261	156	106	83	115	59	313	30	1	270	184	208	124	70	96	340	182	166	48	209	214	153	237	54	123	134	268	97	220	41	219	85	65	120	168	57	12	342	29	102	337	235	39	304	239	269	221	136	225	183	133	195
97	127	11	14	197	324	100	110	268	156	207	255	149	305	141	234	261	201	229	44	281	251	192	87	83	32	49	23	148	224	269	58	264	37	174	220	262	140	240	52	235	135	162	332	317	342	311	319	109	308	284	165	292	173	181	160	314	80	283	8	72	291	129	126	150	238	206	339	86	119	203	146	295	46	6	71	182	322	214	4	1	124	278	290	91	158	0	123	241	202	171	143	256	335	271	209	211	223	273	168	258	116	327	309	29	253	40	5	179	280	15	121	64	257	343	176	36	245	239	242	222	166	104	122	105	227	231	287	344	35	172	285	200	33	320	111	340	247	194	217	321	57	31	191	330	85	263	93	169	76	152	170	70	157	250	329	22	307	38	95	328	79	334	42	282	7	101	19	232	312	134	62	225	108	233	82	272	185	184	196	325	60	204	106	337	195	107	205	190	265	154	81	298	66	289	128	221	56	212	68	10	78	28	275	313	103	47	34	249	51	252	45	41	125	20	331	145	301	237	279	299	213	175	3	151	215	208	98	18	277	178	338	30	144	12	341	167	92	2	248	188	199	228	306	318	43	138	9	236	147	131	13	316	183	230	155	69	326	94	187	244	293	246	112	323	25	61	102	115	24	260	96	88	74	89	99	114	136	333	177	267	53	270	336	117	21	276	164	193	243	288	142	113	63	296	161	186	67	218	294	286	300	65	16	297	130	153	189	27	315	137	274	48	50	139	132	133	163	254	310	77	266	120	73	198	303	55	226	75	17	304	219	216	302	345	26	118	54	90	39	180	259	84	159	210	59
59	210	97	305	194	292	0	180	125	95	4	168	55	8	111	18	322	175	287	284	298	146	186	108	237	213	165	27	66	245	307	68	197	109	53	120	331	31	72	176	207	78	64	37	25	341	11	257	240	217	56	44	327	153	41	187	30	233	50	182	201	212	335	221	107	333	222	96	33	20	22	228	181	155	67	189	17	256	227	269	301	268	84	158	202	126	9	89	36	337	79	253	242	185	325	282	225	191	135	275	127	114	250	345	260	166	231	247	274	273	162	151	295	340	131	104	320	211	203	63	195	300	92	312	193	332	286	229	177	323	73	40	141	326	61	154	303	69	218	324	32	3	13	234	70	219	115	277	81	170	321	102	196	90	278	110	313	138	294	261	239	309	137	163	100	52	223	88	238	34	281	45	35	94	291	279	270	316	159	308	93	262	258	156	113	71	12	149	208	235	62	26	132	77	139	129	271	328	241	344	136	23	302	171	259	272	87	80	42	106	119	51	296	306	142	334	143	343	83	82	243	116	283	251	1	173	103	5	148	339	128	86	145	200	164	21	338	216	290	57	266	198	65	299	85	76	39	254	179	263	265	209	289	24	319	224	342	47	178	317	311	101	288	172	123	117	232	121	214	246	252	124	330	10	54	199	297	140	2	29	130	60	205	14	318	280	184	188	48	192	236	285	157	49	204	150	264	336	190	161	74	144	169	99	28	15	43	58	314	167	220	174	267	75	147	133	255	6	152	226	215	98	248	276	105	183	244	249	118	206	112	16	304	315	19	230	7	329	160	134	46	122	310	38	293	91
200	14	241	78	168	220	207	41	177	48	20	112	169	126	281	244	284	111	233	154	334	290	247	30	256	18	255	194	89	250	51	72	100	261	218	43	101	56	205	153	219	102	165	40	173	271	197	293	76	162	36	91	192	311	109	23	171	303	131	32	280	210	188	307	28	140	157	230	35	201	242	29	61	248	268	181	39	80	337	87	152	285	193	214	83	277	46	110	208	175	147	79	17	317	254	67	267	310	297	231	202	34	335	106	167	312	305	115	183	272	302	283	151	276	124	50	246	262	340	333	174	265	93	239	304	344	92	118	345	301	294	320	228	66	314	88	136	8	108	45	57	37	287	226	6	2	240	25	64	224	274	331	7	170	286	132	53	120	252	85	243	121	324	288	306	145	1	238	212	4	199	216	278	292	264	33	114	223	319	149	148	185	180	116	339	0	139	263	235	58	133	74	19	130	299	325	105	62	179	323	27	16	22	49	253	328	204	275	81	229	163	125	298	237	142	266	63	196	342	123	94	42	75	213	176	117	326	189	184	160	300	77	107	99	60	315	211	144	341	257	5	273	98	234	343	159	295	9	146	65	155	198	187	12	245	222	141	227	308	84	217	158	232	296	316	86	52	182	90	104	122	191	128	236	327	336	69	156	113	164	259	178	215	95	172	330	206	313	103	135	166	38	260	127	322	21	150	332	209	186	270	251	195	129	54	258	119	11	291	318	138	225	282	190	13	71	96	221	82	24	47	10	203	137	329	321	309	279	3	161	134	15	68	73	44	289	269	338	97	31	249	55	143	70	26	59
297	91	89	120	44	51	36	250	176	34	310	263	56	54	287	228	210	13	301	21	68	333	104	57	232	241	135	93	260	243	9	199	173	85	2	62	277	182	16	328	196	198	58	284	273	240	42	238	87	329	81	115	94	303	6	266	158	5	163	167	323	108	48	321	194	291	38	296	37	39	166	183	332	105	90	17	109	265	326	258	149	272	103	171	204	200	188	77	192	129	40	32	123	160	261	211	47	247	8	299	162	336	116	340	231	75	185	133	212	191	320	178	257	289	279	137	153	131	175	97	307	69	29	117	306	245	254	271	236	140	146	290	3	80	181	132	334	222	41	67	71	230	53	234	33	27	283	168	282	65	207	11	100	225	174	317	242	256	61	148	220	201	76	12	55	335	195	134	300	327	259	45	128	255	78	345	112	83	110	308	151	106	79	213	267	96	338	341	0	159	20	111	143	197	154	10	288	226	92	119	139	219	193	31	4	14	98	205	206	114	244	118	214	223	18	221	280	249	64	164	264	342	304	314	224	216	209	227	28	24	189	74	102	52	147	203	141	331	311	15	298	292	286	184	248	270	281	142	35	50	268	101	73	125	309	156	84	218	72	170	202	229	1	302	49	60	294	319	278	150	113	274	169	251	172	138	95	337	322	19	26	276	70	344	316	25	177	235	43	313	59	275	180	126	239	46	293	315	253	312	82	343	88	127	99	165	305	339	187	208	7	285	179	144	124	30	23	145	186	325	152	121	246	155	22	269	107	233	161	86	157	122	324	330	262	318	63	66	295	237	252	190	136	215	217	130
74	179	201	195	184	259	126	132	78	112	157	202	87	36	230	150	81	18	227	226	173	133	73	54	8	293	323	160	300	281	235	180	292	234	319	103	266	143	101	181	240	246	162	115	175	26	51	93	141	117	277	187	282	174	110	339	342	183	154	145	135	218	236	213	2	75	48	15	45	61	278	79	241	12	168	58	215	192	113	261	172	263	221	256	47	274	251	142	268	17	23	245	63	76	137	249	37	211	303	44	88	209	55	29	122	129	291	276	311	285	318	239	331	13	90	194	84	131	224	309	16	22	189	24	71	302	238	326	111	124	102	271	108	210	258	14	343	338	163	328	68	89	306	169	166	67	269	225	34	170	231	255	158	91	159	254	288	199	35	69	191	262	27	118	106	294	5	250	188	287	219	72	237	49	147	20	329	243	193	40	3	205	151	298	167	70	344	66	116	139	31	283	46	97	252	39	83	341	330	286	164	203	85	332	267	53	308	109	229	62	60	165	270	171	212	284	6	176	335	320	125	152	138	334	214	65	182	100	80	208	128	104	220	50	153	307	264	155	313	297	216	257	42	317	148	279	114	99	190	41	314	64	247	296	217	299	244	7	123	315	178	105	19	327	265	305	149	336	56	57	325	33	206	223	289	32	333	321	207	21	340	197	322	156	130	228	28	136	222	295	43	9	82	95	260	86	196	4	204	345	146	134	312	77	253	304	30	185	11	316	98	248	38	273	310	25	92	94	242	324	121	301	96	161	198	200	275	59	290	119	107	177	144	337	272	1	10	52	0	120	233	280	186	140	127	232
28	329	201	113	64	241	256	124	11	111	261	292	240	265	191	209	232	258	166	315	214	336	73	172	84	12	207	101	333	187	236	72	254	48	244	181	206	249	186	68	293	8	140	276	281	168	114	295	319	260	112	224	158	30	321	277	0	185	182	67	94	318	239	44	86	21	301	6	160	225	300	155	228	100	79	136	231	326	137	227	118	175	7	102	334	125	153	115	298	77	309	83	162	218	173	266	98	299	95	24	243	149	2	177	283	226	316	274	61	152	222	195	9	189	259	251	212	147	223	255	92	50	194	278	167	269	328	253	196	331	271	169	163	35	99	192	235	323	306	308	302	20	25	154	41	339	31	200	311	157	88	313	242	245	59	127	54	53	108	174	45	344	17	305	148	150	264	184	37	216	217	176	151	289	60	330	110	202	178	47	213	322	179	275	338	93	15	130	39	252	257	133	288	63	221	91	220	76	183	116	117	87	291	325	141	142	198	211	342	156	16	56	128	171	262	105	204	42	180	78	205	190	248	123	66	188	132	70	210	58	337	34	268	52	82	287	320	267	238	32	104	335	51	304	165	343	18	234	215	5	135	143	85	23	290	285	96	279	208	273	286	237	263	193	138	230	250	270	10	307	161	26	119	62	106	97	69	46	89	314	303	345	49	4	144	246	229	14	122	22	272	36	282	199	146	312	3	55	65	109	317	170	29	310	57	164	107	13	75	126	203	294	90	145	80	129	284	134	139	27	280	19	219	341	103	71	159	74	340	332	324	38	131	120	81	1	327	40	296	197	43	33	297	121	247	233
57	32	17	167	2	18	122	98	268	214	206	55	109	279	106	40	132	269	175	311	90	72	314	129	310	128	181	294	292	47	211	200	233	74	95	180	229	23	15	65	182	89	340	322	31	207	39	99	275	324	345	159	97	160	221	162	139	71	299	69	138	42	166	4	81	13	255	36	189	291	80	245	21	259	217	319	52	232	307	289	44	105	110	272	298	187	53	124	293	265	150	25	126	62	305	120	252	320	330	244	155	249	20	194	222	9	250	54	228	284	68	238	60	34	333	127	208	88	271	193	258	58	101	119	96	335	103	280	321	239	172	236	195	246	270	30	261	308	37	70	38	304	123	216	179	143	296	218	197	51	323	165	192	83	339	145	171	156	223	241	152	185	78	140	286	251	237	63	281	104	56	49	12	100	341	257	188	133	199	338	336	134	262	94	131	342	242	5	300	231	26	220	91	115	75	278	196	264	327	118	77	73	8	45	6	27	3	267	212	148	41	329	16	235	163	7	79	146	164	151	59	178	332	301	137	174	277	76	183	317	177	256	50	93	168	201	82	92	158	85	191	153	154	130	149	141	116	273	254	10	86	35	315	213	260	28	234	117	107	198	125	283	29	11	142	288	295	67	302	248	263	19	276	121	326	136	282	202	84	303	113	184	43	287	334	316	313	226	186	111	33	173	0	135	24	225	344	190	227	285	309	243	266	274	48	204	102	66	297	22	337	253	215	325	318	161	87	64	210	157	203	14	112	312	331	144	343	224	209	176	306	170	169	147	61	230	46	240	114	247	205	108	219	290	1	328
181	257	239	219	102	332	192	77	188	125	172	309	253	312	283	178	39	214	209	90	128	30	248	65	187	106	194	290	296	254	294	152	52	270	344	240	133	229	199	331	258	182	191	177	78	131	24	287	97	47	267	316	337	288	244	69	76	40	340	37	325	317	243	25	213	100	3	228	113	336	279	54	87	116	168	60	210	310	256	328	280	162	14	104	56	80	49	120	29	8	62	303	320	148	89	315	277	293	31	136	271	53	27	170	304	211	91	10	176	45	143	11	286	174	255	130	132	44	70	307	137	345	68	41	55	99	221	16	266	7	35	329	20	233	251	43	6	154	318	281	200	124	263	339	246	208	186	269	153	19	201	32	144	159	236	338	314	343	94	71	5	4	2	126	268	196	241	264	142	189	108	282	72	112	204	275	197	127	163	260	195	22	184	205	278	245	9	306	117	165	323	252	324	193	145	308	206	261	265	164	88	21	64	140	202	273	259	42	230	107	134	103	225	183	50	235	146	129	36	141	17	272	157	86	85	161	237	297	158	226	173	51	98	180	109	249	46	58	223	121	326	66	38	321	96	247	234	123	0	12	48	122	207	311	274	169	295	135	73	250	115	59	262	13	110	291	220	302	300	175	79	284	305	138	299	63	198	149	185	84	147	322	231	319	289	139	74	166	216	119	227	155	101	327	61	334	232	57	276	67	330	218	26	114	150	298	203	82	33	160	215	105	342	333	118	179	81	93	335	28	190	292	242	18	151	222	83	92	34	238	95	212	111	341	15	1	75	171	301	23	224	285	156	167	217	313
143	111	28	224	306	179	89	218	323	239	286	302	84	321	123	9	121	331	109	77	226	342	135	269	188	261	275	176	73	288	58	186	160	165	107	57	272	137	328	1	271	216	180	3	134	252	139	335	4	293	244	156	27	230	336	30	228	248	229	20	319	2	59	304	70	56	162	131	48	254	326	296	45	5	278	46	120	80	233	343	171	99	175	232	122	37	141	317	29	181	182	189	190	196	16	21	292	305	102	150	79	147	211	268	60	114	23	170	151	249	285	10	299	257	26	65	132	173	78	344	12	262	62	256	40	98	168	136	117	115	238	210	39	51	237	246	108	242	130	320	197	148	332	119	307	104	255	154	110	64	169	105	300	318	303	297	208	287	72	313	88	243	225	279	164	217	36	276	315	200	63	312	280	90	245	334	183	83	138	75	50	291	159	91	277	187	128	206	125	82	118	193	106	327	227	116	295	339	274	223	220	7	13	19	325	209	241	324	185	43	24	341	33	112	11	49	273	265	203	250	52	157	127	222	234	129	158	71	204	301	215	316	0	236	282	201	14	235	333	53	172	195	42	263	258	31	93	124	113	55	34	247	199	267	212	231	270	260	337	192	259	266	345	310	219	163	15	330	167	240	103	18	340	221	85	309	152	126	329	67	289	145	44	76	166	155	311	178	87	17	35	54	202	69	140	251	68	146	194	6	149	177	322	205	22	101	32	174	213	290	47	281	94	144	92	308	294	314	161	253	264	184	25	207	338	95	96	97	153	38	66	74	142	41	61	86	8	198	191	283	81	133	100	284	214	298
127	186	197	204	194	59	66	235	272	189	2	330	131	211	80	52	166	327	14	263	262	118	332	246	267	125	283	67	180	144	39	247	25	244	116	122	136	316	168	132	343	33	133	289	63	220	258	167	147	121	157	55	338	252	160	202	286	94	313	335	58	155	71	26	287	319	47	149	112	345	184	210	254	219	239	261	0	6	20	207	285	275	93	138	216	48	340	280	56	195	315	264	257	192	152	151	158	170	9	255	206	250	128	234	213	74	271	198	196	53	44	34	328	344	241	114	228	281	107	282	310	221	317	57	28	15	277	320	148	103	214	135	79	308	193	321	61	230	108	306	109	309	218	72	85	185	293	13	266	35	212	269	172	291	153	105	238	23	49	322	245	77	10	22	92	169	290	76	300	326	90	145	259	60	237	19	231	134	140	331	43	303	36	301	68	270	251	178	205	249	150	88	333	305	104	276	181	154	236	42	342	188	45	96	126	38	274	46	265	256	27	3	329	232	334	161	296	222	84	95	233	110	50	312	217	339	203	324	318	341	156	176	165	24	273	223	111	120	337	31	115	336	21	163	16	278	8	5	323	253	139	54	113	12	215	146	32	100	240	295	173	1	288	299	102	30	294	268	304	187	292	314	137	224	129	298	29	4	143	18	17	141	260	78	62	83	227	51	171	130	201	279	209	162	40	86	200	106	242	179	174	177	159	175	208	11	142	65	123	7	91	284	226	99	243	325	97	82	183	98	117	182	311	69	89	41	87	302	119	190	70	229	37	64	75	101	164	199	124	307	73	191	225	81	248	297
175	328	345	89	116	1	2	310	171	338	135	44	318	203	63	22	146	258	287	36	161	134	82	325	101	306	271	257	303	301	343	169	209	256	331	184	108	32	319	234	139	192	324	317	170	122	166	85	219	340	305	98	212	31	11	78	18	277	140	138	47	179	247	191	59	106	308	7	112	322	147	13	75	220	6	45	90	323	296	201	222	241	236	16	145	295	196	181	320	152	60	330	304	312	237	176	121	207	225	129	321	76	23	263	259	229	113	293	155	148	265	315	51	298	231	337	154	114	136	242	77	217	167	174	267	4	214	107	282	109	141	200	199	39	208	86	240	125	216	83	21	20	126	115	37	251	178	341	326	206	204	46	162	35	25	302	344	149	74	291	61	56	245	96	38	252	158	311	266	15	137	173	292	92	224	197	119	253	333	289	281	58	188	48	230	309	99	255	316	286	17	104	215	29	123	226	42	218	3	111	227	81	70	244	202	72	183	156	288	34	144	329	80	62	130	193	335	110	221	269	268	164	185	235	64	299	195	189	163	270	40	143	327	95	128	93	66	88	97	294	117	127	132	228	274	50	210	213	254	280	9	55	153	165	24	103	238	194	297	205	142	249	243	177	14	52	248	180	160	133	10	43	0	105	190	339	159	246	118	284	33	172	49	260	290	334	65	313	186	41	57	73	28	91	150	102	223	285	307	168	71	272	250	8	69	67	261	12	27	278	151	68	233	5	275	279	314	262	336	79	26	87	84	131	198	94	157	342	211	53	100	276	120	239	232	124	273	19	264	182	54	30	300	332	187	283
