239	241	4	276	135	263	261	194	96	324	269	157	69	7	281	161	73	50	13	200	240	65	151	55	23	285	262	85	94	244	129	149	31	39	99	88	179	302	182	198	265	98	235	124	289	120	27	275	206	103	45	18	255	251	123	234	250	130	57	24	138	181	318	111	214	231	1	152	310	248	272	183	14	90	41	93	190	290	260	86	177	70	320	29	158	253	201	95	193	247	126	125	119	164	336	191	264	222	238	131	9	33	332	97	196	288	308	286	268	132	19	46	207	104	150	64	184	22	236	52	133	146	299	249	144	297	62	323	66	176	246	136	225	2	15	42	100	303	282	313	258	10	154	287	53	232	121	291	280	254	63	328	217	113	186	3	345	173	37	83	277	221	116	223	314	11	331	163	84	38	12	0	174	28	78	339	167	21	106	48	209	242	127	202	117	298	145	134	74	162	224	75	218	114	188	91	118	319	321	159	30	71	139	292	187	58	25	5	311	153	192	343	8	283	259	67	89	271	87	344	76	77	341	81	270	82	54	61	60	316	32	315	20	16	35	36	312	40	307	306	43	257	305	47	335	301	337	338	296	295	92	172	256	195	166	165	211	180	155	189	148	110	199	143	122	142	204	213	228	178	208	101	245	169	105	237	171	230	233	108	128	243	141	59	168	26	340	79	6	294	102	266	17	330	205	44	267	304	327	279	329	322	278	115	284	226	334	72	147	220	274	219	216	56	109	309	137	229	300	212	252	160	175	107	333	273	49	293	227	140	197	210	326	203	185	112	215	51	34	80	170	342	317	68	156	325
239	4	241	135	269	263	302	13	222	99	184	240	194	96	134	319	132	281	201	46	104	207	19	289	253	200	42	15	55	250	23	41	14	90	339	78	167	73	161	2	188	91	116	221	146	299	126	129	277	151	65	111	214	318	136	69	157	125	324	50	285	198	39	57	138	24	86	177	3	98	63	124	235	236	255	320	158	29	70	182	246	149	286	242	127	27	119	154	265	298	145	290	1	131	123	234	10	93	190	34	342	170	80	150	64	193	95	303	113	217	291	22	264	186	185	308	225	238	106	21	209	48	276	282	275	313	62	297	144	261	196	97	262	328	7	231	258	133	181	117	323	174	0	38	12	84	206	103	18	45	272	332	336	164	192	223	287	280	120	66	251	310	152	130	232	121	53	179	88	260	288	176	94	100	244	163	249	248	31	183	9	33	28	215	51	112	224	247	331	37	83	11	345	173	156	68	317	191	268	325	52	118	254	314	162	74	203	187	85	30	321	159	71	326	114	218	180	89	40	243	128	266	137	284	56	305	259	307	311	153	195	79	279	8	32	166	338	77	115	109	212	329	141	26	6	294	59	257	252	230	271	333	283	330	35	316	105	43	143	315	67	110	20	296	47	341	61	343	208	92	199	155	335	237	171	169	245	204	312	189	81	256	16	101	213	306	295	337	36	54	76	172	82	60	122	178	228	233	87	165	142	344	340	168	300	334	147	107	140	273	175	293	49	197	210	160	327	322	278	229	219	274	72	304	226	220	216	267	205	102	17	44	270	227	211	108	148	301	309	75	202	58	5	25	292	139
276	263	4	269	135	69	157	261	324	241	161	73	239	281	253	182	235	124	50	13	164	336	94	31	133	55	23	99	194	96	1	302	7	262	251	39	265	200	65	151	319	145	298	103	18	206	45	264	240	149	289	250	308	272	198	299	146	290	98	275	222	27	42	15	125	184	2	328	231	190	93	207	19	104	46	234	123	132	3	33	9	249	163	176	185	52	134	285	246	277	191	127	242	138	24	57	236	0	84	174	12	38	129	63	85	188	91	310	152	154	309	10	318	287	301	148	238	339	167	78	288	179	88	181	286	62	144	297	291	244	111	214	183	303	260	131	130	280	70	29	158	320	211	108	323	248	227	224	51	112	186	209	106	48	21	120	119	196	97	118	221	116	270	218	114	314	86	177	121	53	232	215	333	136	66	203	257	59	141	294	6	26	254	329	225	113	217	115	64	150	14	90	41	80	342	34	170	100	268	79	192	193	95	259	247	305	75	332	258	266	243	128	180	40	89	28	139	292	5	58	25	83	37	345	173	284	56	137	282	307	313	11	201	195	202	126	117	162	74	279	67	219	216	44	315	72	213	316	20	220	312	274	278	229	61	17	304	43	245	296	35	267	36	47	273	172	205	102	169	140	343	143	341	155	340	110	335	160	105	208	101	168	293	171	92	81	82	204	199	16	197	189	322	327	175	344	300	334	147	226	107	49	237	210	295	337	306	122	60	54	76	178	228	233	165	142	256	87	331	153	311	330	338	32	77	8	166	283	255	325	326	156	68	317	109	212	321	71	30	159	223	271	187	230	22	252
133	2	15	42	276	239	157	69	65	151	281	241	261	50	253	194	96	263	222	134	184	13	135	132	324	73	161	207	46	104	19	234	123	181	125	285	129	7	23	55	236	103	45	206	18	31	1	308	277	336	164	214	111	318	275	265	63	86	177	221	116	269	120	286	158	70	320	29	85	328	12	84	0	174	38	10	240	288	249	231	94	119	4	136	126	182	163	52	99	201	130	167	339	78	131	34	342	170	80	64	150	262	186	149	215	124	235	112	51	154	246	191	255	225	282	323	313	62	144	297	27	303	91	188	217	113	319	193	95	247	258	100	185	298	145	21	48	209	106	272	244	93	190	302	97	196	90	41	14	251	138	57	24	117	287	200	238	280	152	310	179	88	223	39	127	242	290	289	33	9	268	98	198	250	260	121	53	232	83	37	345	173	264	332	331	254	11	224	183	3	162	74	28	22	118	192	299	146	202	156	68	317	325	176	66	139	292	5	58	25	326	187	203	309	291	148	301	314	30	321	159	71	75	226	334	300	147	278	293	61	72	296	273	67	81	274	82	304	327	343	341	340	335	16	17	20	322	47	316	315	35	36	312	43	44	267	172	220	245	219	216	213	105	229	208	205	102	101	204	199	110	189	197	140	92	168	160	169	155	171	344	175	143	237	210	107	49	337	122	178	142	87	306	165	256	295	233	76	228	60	54	330	153	311	283	218	114	271	230	211	108	252	227	109	212	32	8	166	77	338	279	270	333	195	307	257	137	56	284	59	6	294	26	141	329	115	180	40	89	243	128	266	305	248	259	79
50	276	65	151	135	157	69	263	241	308	235	124	4	275	302	31	281	45	206	18	103	93	190	55	23	250	133	269	288	161	73	46	207	19	104	253	324	200	290	163	94	185	149	198	7	239	98	247	181	289	194	96	215	265	39	182	246	112	51	84	0	174	12	38	240	262	132	222	261	13	286	125	231	310	152	184	99	272	41	14	90	10	100	138	57	24	249	116	221	186	251	336	164	236	126	75	136	66	201	134	277	248	202	85	214	111	285	177	86	2	313	282	318	52	28	95	193	260	129	70	29	320	158	150	64	119	323	123	234	15	42	254	325	298	145	258	80	342	34	170	78	339	167	113	217	328	154	303	225	131	120	232	53	121	48	21	209	106	255	144	62	297	223	188	91	238	176	97	196	1	5	58	139	292	25	331	179	88	268	244	117	146	299	156	68	317	311	153	162	74	280	287	3	183	242	127	130	187	159	71	321	30	83	37	345	173	192	326	191	224	11	332	291	22	264	309	333	230	305	271	266	329	128	108	243	56	284	211	137	279	195	257	77	32	283	166	338	8	330	26	294	59	6	141	301	79	148	307	109	212	270	180	40	252	89	259	227	115	27	319	9	33	218	114	118	203	63	314	43	340	49	47	295	44	341	343	293	17	337	296	300	304	335	35	306	334	312	315	316	322	20	327	16	36	140	54	122	102	205	204	105	107	110	199	197	189	178	175	208	344	171	169	168	165	160	155	147	143	142	101	210	278	237	274	273	60	61	267	67	256	72	245	76	233	213	81	82	229	228	87	226	220	92	219	216	172
239	241	276	324	161	73	65	151	13	269	39	250	33	9	240	194	96	149	50	261	53	121	232	288	135	3	207	19	104	46	91	188	253	290	200	181	281	302	98	198	31	255	221	116	319	63	234	123	2	272	275	42	15	289	7	4	299	146	190	93	94	157	69	308	192	235	124	163	182	298	145	206	18	45	103	215	231	265	75	51	112	263	132	222	41	14	90	286	133	336	164	1	264	100	184	323	285	291	201	134	152	310	167	339	78	202	99	85	120	185	223	117	214	111	57	24	138	177	86	186	313	251	10	282	318	173	83	345	37	127	242	126	29	320	70	158	11	191	64	150	119	55	23	52	28	277	325	217	113	258	193	95	249	154	196	97	247	260	225	331	131	129	303	170	34	342	80	48	209	21	106	162	74	297	62	144	130	238	262	125	156	68	317	248	179	88	311	153	244	254	280	287	187	71	30	321	159	268	183	332	326	246	236	328	224	176	27	118	314	5	292	58	25	139	203	114	218	109	329	79	212	230	227	305	115	283	128	180	252	26	243	195	330	40	257	32	89	6	211	77	338	8	56	284	166	294	270	271	108	59	137	279	141	307	333	148	309	301	266	259	66	22	136	38	12	0	84	174	81	233	278	274	273	267	256	245	237	229	293	228	226	220	219	216	35	36	20	295	210	322	343	341	340	337	335	334	327	316	17	315	312	306	304	300	296	16	213	208	82	110	61	147	143	142	140	122	67	107	205	105	102	72	101	92	87	76	60	155	160	165	204	199	43	44	197	189	47	178	49	175	344	171	54	169	168	172
263	324	194	96	4	69	157	276	161	73	281	55	23	269	50	149	222	184	132	7	94	19	46	104	207	133	123	234	241	27	129	99	125	253	261	135	240	164	336	191	277	236	289	248	264	13	85	111	214	9	33	318	251	1	275	182	188	91	2	265	86	177	18	103	45	206	42	15	250	286	308	10	39	158	320	70	29	185	328	302	130	52	119	181	272	247	342	34	80	170	215	63	112	51	131	64	150	186	262	75	242	127	221	116	134	201	198	303	225	98	217	113	249	297	62	144	282	313	14	90	41	260	145	298	246	190	93	106	48	21	209	120	258	154	238	319	117	200	285	332	323	290	287	37	173	83	345	280	331	11	38	174	84	12	0	223	232	121	53	288	57	24	138	95	193	100	66	255	126	254	167	78	339	124	235	162	74	244	146	299	202	31	28	97	196	136	268	231	151	65	176	224	239	22	118	152	310	179	88	3	156	68	317	192	183	54	228	306	304	122	233	60	337	295	76	165	87	178	142	312	204	169	341	101	43	199	267	16	300	334	147	327	216	160	219	72	229	322	210	245	213	110	49	197	107	237	61	315	296	143	20	208	105	47	274	335	175	220	344	36	82	172	189	168	92	340	293	278	155	316	226	273	67	140	256	171	17	102	205	35	343	81	44	330	283	153	311	271	230	252	212	109	325	32	166	77	338	8	279	195	307	284	137	56	180	40	89	243	128	266	305	259	79	115	321	159	30	71	329	6	141	26	59	294	257	333	270	218	114	227	108	211	326	187	148	301	314	309	163	291	139	292	5	58	25	203
239	263	157	69	281	4	241	50	276	135	13	222	99	253	184	261	302	124	235	132	182	207	46	19	104	134	129	55	23	194	96	33	9	221	116	269	111	214	318	133	200	336	164	277	90	14	41	39	95	193	240	285	125	177	86	264	93	190	167	78	339	158	70	320	29	236	275	63	286	289	136	119	290	265	246	328	10	131	191	154	250	150	64	201	94	255	170	34	342	80	2	185	262	186	120	144	297	62	42	15	225	303	113	217	282	313	319	103	45	206	18	149	91	188	151	65	98	27	48	209	21	106	323	258	251	198	181	1	268	7	238	28	52	31	287	231	196	97	298	145	280	53	232	121	176	248	126	215	163	288	51	112	100	22	85	117	308	138	57	24	247	123	234	244	249	224	127	242	223	331	260	254	3	66	173	83	37	345	130	11	84	38	12	0	174	179	88	118	162	74	75	192	156	317	68	291	272	332	325	203	309	292	139	148	301	58	5	25	183	108	211	227	270	314	333	218	114	202	73	161	257	141	294	59	6	26	329	115	146	299	79	259	305	266	243	128	40	180	89	187	137	56	284	326	307	152	310	195	279	77	166	338	32	8	49	210	107	16	204	101	43	256	20	344	36	197	341	169	47	172	82	208	105	267	155	67	316	226	213	171	110	81	245	343	35	334	147	300	189	92	304	273	140	293	335	233	306	228	178	295	220	87	60	165	337	278	142	122	76	54	274	312	199	237	216	72	168	340	229	219	160	327	322	205	102	17	44	175	143	296	61	315	153	311	321	30	71	159	330	109	212	324	283	252	271	230
4	241	239	135	263	194	96	73	161	261	31	276	269	324	23	55	285	222	69	157	151	65	184	99	181	7	125	302	149	134	198	281	240	98	132	1	164	336	236	50	46	19	207	104	124	235	277	138	24	57	328	265	201	253	13	129	339	167	78	93	190	94	63	27	33	9	200	250	231	188	91	289	248	272	15	42	2	264	249	103	45	18	206	185	163	275	255	298	145	288	286	10	260	191	120	342	34	170	80	186	154	308	22	221	116	251	126	112	51	39	215	176	323	12	174	84	38	0	75	332	117	52	41	90	14	133	223	309	318	287	148	301	238	179	88	244	111	214	183	303	97	196	254	297	144	62	131	224	146	299	280	29	320	158	70	211	108	227	209	21	48	106	119	319	270	114	218	314	86	177	333	85	118	203	290	257	59	26	6	141	294	217	113	329	225	136	268	115	64	150	247	100	79	259	305	258	266	128	243	40	89	180	28	284	137	56	282	307	3	313	195	152	310	95	193	246	279	292	139	5	58	25	8	338	32	166	77	11	37	83	345	173	68	156	317	212	109	123	234	291	182	252	230	187	127	242	271	162	74	331	53	232	121	321	159	71	30	326	262	325	283	202	330	311	153	210	107	49	101	43	16	204	267	47	208	341	20	36	172	105	344	82	197	169	256	213	171	343	35	110	226	81	245	189	147	92	334	300	304	316	155	67	322	237	229	327	168	340	219	216	160	72	102	17	175	44	205	143	296	61	315	293	140	273	335	199	312	142	337	220	306	295	165	278	274	87	178	233	76	54	228	122	60	192	66	130
133	135	276	263	69	157	269	324	281	253	241	261	151	65	7	73	161	31	50	239	99	4	55	23	200	149	262	198	98	235	124	13	302	1	181	185	248	45	206	18	103	190	93	285	2	265	244	129	85	194	96	289	275	39	336	164	15	42	179	88	126	125	94	318	249	214	111	250	308	299	146	191	288	215	112	51	152	310	177	86	158	70	29	320	134	201	130	290	163	188	91	236	119	272	231	183	260	131	27	268	22	264	319	145	298	64	150	255	66	3	52	182	339	78	167	154	144	297	62	286	100	120	225	97	196	246	19	46	207	104	291	222	251	254	282	132	313	193	95	238	332	123	234	258	323	287	184	223	117	280	28	12	174	38	0	84	121	232	53	10	240	9	33	247	328	63	116	221	80	170	34	342	314	192	224	303	186	75	202	37	83	345	173	242	127	118	218	114	139	292	5	25	58	90	14	41	11	159	321	71	30	136	24	138	57	74	162	187	311	153	277	312	199	110	81	245	92	35	309	300	304	213	226	334	189	147	343	171	212	43	16	195	101	204	109	77	32	338	8	210	166	49	107	61	143	296	315	205	270	17	230	175	102	266	44	227	40	180	273	293	271	305	333	89	140	257	335	279	316	67	155	56	108	59	284	294	327	168	128	160	216	219	211	340	137	141	229	26	79	237	6	72	322	243	307	259	256	329	20	341	36	172	47	283	82	208	197	105	344	169	267	252	330	274	337	178	142	148	306	122	115	220	165	76	278	301	228	233	295	87	54	60	176	331	326	209	106	48	21	203	217	113	68	317	156	325
263	69	157	4	99	135	281	261	239	241	55	23	182	276	235	124	50	302	269	222	184	13	200	134	253	39	277	240	132	328	290	129	125	90	41	14	9	33	151	65	289	221	116	236	19	46	104	207	285	193	95	201	136	336	164	250	194	96	265	255	262	275	78	167	339	7	1	97	196	264	181	308	10	215	51	112	286	191	94	27	52	186	251	161	73	176	28	63	342	80	34	170	138	24	57	247	323	154	31	126	190	93	248	246	12	174	0	84	38	144	297	62	149	145	298	324	185	198	288	98	244	133	2	22	42	15	268	130	88	179	249	163	254	85	152	310	3	83	173	37	345	139	292	5	58	25	11	75	120	66	319	192	231	70	320	29	20	259	158	47	105	208	307	230	283	109	271	227	329	212	131	256	282	335	316	115	67	155	220	226	278	107	293	213	210	110	197	333	111	140	214	245	49	252	257	273	8	338	258	177	101	86	77	16	32	166	267	225	43	204	81	17	343	35	44	313	102	205	195	171	172	318	147	82	300	309	344	36	334	304	26	325	284	326	189	168	56	59	199	79	6	340	294	92	128	266	141	270	243	137	229	216	72	322	219	327	160	341	169	180	305	274	175	40	64	150	287	89	279	280	119	143	68	203	317	315	156	296	61	142	178	54	306	148	165	295	60	301	228	87	233	337	122	76	108	330	211	237	312	153	311	187	224	159	71	321	30	114	218	332	100	238	53	232	121	314	202	117	303	183	91	188	272	260	118	223	123	234	18	45	206	103	74	162	242	127	217	113	209	48	106	21	291	146	299	331
263	276	23	55	194	96	324	222	73	161	240	157	69	269	134	184	241	132	4	253	281	50	207	104	46	19	124	235	94	31	336	164	302	99	285	129	125	78	339	167	13	138	24	57	277	135	272	234	123	111	214	182	318	9	33	15	42	289	2	248	221	116	236	231	27	255	200	264	328	86	177	265	275	18	103	45	206	251	286	181	320	70	158	29	120	198	39	98	250	154	149	308	7	119	10	126	34	80	170	342	1	131	91	188	298	145	64	150	186	249	239	191	303	225	93	190	113	217	282	261	313	163	85	130	0	174	38	12	84	106	48	21	209	136	62	297	144	258	117	323	238	41	90	14	196	97	22	290	299	146	151	65	287	223	280	332	247	127	242	53	232	121	100	52	201	288	260	176	37	83	11	173	345	224	331	75	66	118	133	244	63	3	74	162	319	68	317	156	291	203	325	254	309	148	301	152	310	246	211	108	314	227	114	218	270	333	257	192	59	294	26	141	6	329	115	202	28	79	259	262	305	266	243	128	40	89	180	95	193	284	137	56	51	112	187	307	195	326	215	268	279	183	166	77	32	8	338	159	71	30	321	292	139	58	25	5	212	109	185	252	230	271	283	330	311	153	274	175	61	143	315	296	47	105	208	20	205	81	171	343	35	102	44	17	197	210	273	49	213	293	140	107	245	110	160	72	216	219	229	327	322	189	92	340	168	334	36	344	172	82	147	300	199	312	237	16	43	101	267	204	341	169	304	335	256	278	155	67	316	226	220	165	178	337	306	142	122	228	87	76	60	54	295	233	88	179
239	50	135	276	65	151	13	269	241	308	157	69	18	45	103	206	194	96	275	281	31	250	288	231	63	94	324	136	240	181	14	90	41	7	84	174	38	0	12	265	55	23	232	121	53	261	120	1	98	198	200	39	152	310	188	91	262	163	263	161	73	215	255	249	138	24	57	51	112	85	285	126	185	130	125	93	190	4	75	260	247	100	99	253	236	202	134	323	123	234	196	97	248	235	124	272	244	129	286	22	191	289	290	66	3	336	164	111	214	86	177	313	19	207	104	46	282	318	88	179	332	133	117	223	146	299	52	29	70	320	158	64	150	246	119	325	258	42	15	302	268	10	225	311	153	145	298	5	292	58	139	25	131	201	183	127	242	176	167	78	339	331	2	251	319	291	192	132	182	170	34	342	80	11	9	33	68	317	156	222	321	159	30	71	280	297	144	62	287	238	74	162	116	221	184	154	326	224	28	149	186	254	187	118	314	27	264	277	209	48	21	106	95	193	328	83	37	345	173	303	217	113	218	114	203	309	329	333	270	195	257	279	108	137	211	128	243	284	56	141	59	294	26	6	307	79	301	148	266	230	271	305	259	227	115	77	32	283	166	338	8	109	212	252	40	180	89	330	36	274	43	44	278	273	304	35	316	343	341	340	337	335	334	327	322	16	293	17	315	312	20	306	300	296	295	47	237	49	92	197	189	178	175	101	102	344	171	105	169	107	110	168	165	160	155	147	143	122	142	140	199	204	267	205	54	256	245	60	61	233	229	67	228	226	220	72	219	76	216	213	81	82	210	208	87	172
133	241	73	161	239	194	96	324	4	263	276	222	7	151	65	184	319	281	132	253	104	207	19	46	2	15	42	55	23	261	9	33	269	129	146	299	277	149	157	69	50	13	135	308	103	45	18	206	3	214	111	123	234	318	91	188	289	285	116	221	31	247	85	250	86	177	181	286	10	248	320	29	70	158	145	298	94	1	80	34	342	170	27	99	240	119	265	272	186	288	302	200	291	131	63	64	150	125	120	339	78	167	303	217	113	275	328	93	190	236	41	14	90	52	262	117	225	24	138	57	264	164	336	282	22	313	251	21	48	209	106	154	238	163	223	75	323	258	249	191	297	144	62	198	255	100	192	201	98	196	97	39	173	345	37	83	11	287	280	254	66	176	268	127	242	12	38	84	174	0	331	215	185	51	112	95	193	231	88	179	162	74	332	28	290	202	134	224	182	244	156	68	317	325	183	136	246	309	148	301	118	260	232	121	53	292	139	108	211	126	5	58	25	227	187	130	270	326	333	30	71	321	159	257	218	114	141	6	26	59	294	329	311	153	115	310	152	81	35	343	171	199	312	341	82	169	160	344	47	72	172	197	105	216	322	20	208	229	327	36	219	267	107	340	168	210	226	49	237	334	147	300	293	175	273	140	256	304	101	245	92	110	213	43	204	16	189	315	67	155	296	61	316	143	228	142	337	274	220	306	165	233	122	87	60	278	76	178	54	295	335	17	102	44	205	330	283	271	230	79	124	235	252	259	305	212	109	77	166	338	32	8	266	314	243	128	40	180	89	279	137	284	56	203	195	307
133	4	263	276	157	69	135	261	253	239	281	241	324	73	161	50	269	151	65	302	222	99	194	96	184	13	31	149	125	132	7	2	1	289	19	104	46	207	235	124	42	15	236	198	98	265	277	164	336	275	200	94	103	18	206	45	248	285	308	262	182	181	134	129	52	328	163	221	116	246	249	10	23	339	167	78	185	214	111	55	176	318	250	286	244	272	303	177	86	179	88	264	255	63	158	70	29	320	174	0	38	84	12	186	238	80	34	170	342	217	113	290	119	27	154	288	95	193	201	251	33	9	209	48	106	21	144	62	297	131	231	215	145	298	112	51	64	150	260	138	24	57	75	126	130	85	191	323	183	319	225	120	90	14	41	234	123	282	22	313	100	258	28	117	247	190	93	287	280	332	223	331	310	152	254	39	37	83	345	173	3	136	240	11	97	196	268	74	162	188	91	291	224	121	232	53	202	146	299	192	242	127	314	292	139	58	5	25	68	156	317	118	66	325	114	218	17	335	102	205	44	295	220	76	278	165	87	60	178	306	228	142	233	274	54	122	337	67	155	296	315	143	316	61	35	81	171	343	199	312	43	189	101	304	16	110	245	204	213	92	334	300	147	226	107	237	340	210	168	49	273	293	256	175	140	47	172	72	229	169	160	344	341	197	208	219	105	216	20	327	322	82	36	267	330	283	271	230	203	252	212	109	153	311	32	8	338	166	77	279	195	307	56	137	284	187	40	180	89	326	128	243	266	309	305	259	301	148	321	159	71	30	79	115	108	211	329	227	59	294	6	141	26	257	270	333
50	239	261	151	65	276	157	69	241	13	324	135	275	194	96	4	161	73	281	269	31	94	2	38	84	0	174	12	181	198	98	265	7	288	136	15	42	263	231	1	240	125	260	33	9	126	262	215	163	182	200	112	51	234	123	164	336	104	46	19	207	310	152	236	302	285	120	3	247	298	145	272	133	308	93	190	53	232	121	85	250	24	57	138	103	45	206	18	289	146	299	249	253	100	52	124	235	319	202	132	286	242	127	222	10	130	290	248	39	185	196	97	214	111	177	86	313	167	78	339	184	282	318	149	323	192	62	144	297	75	331	158	320	70	29	246	64	150	251	119	22	95	193	325	23	55	258	176	291	27	268	63	332	225	131	254	186	264	139	292	5	25	58	303	217	113	221	116	11	255	328	129	209	106	48	21	277	74	162	238	191	134	223	201	68	317	156	280	88	179	287	34	80	342	170	83	37	345	173	311	153	244	187	41	14	90	326	321	159	30	71	183	118	154	224	117	99	66	91	188	314	203	270	266	109	108	301	128	148	211	227	212	309	137	243	330	284	56	333	329	307	79	230	305	115	141	26	59	294	259	6	32	77	257	283	338	279	166	195	8	252	271	180	89	40	28	114	218	293	44	335	43	327	334	47	16	49	341	295	343	17	322	296	300	337	20	316	315	36	35	304	312	306	340	147	278	178	208	105	205	107	110	204	199	197	189	122	175	102	344	171	169	168	165	160	155	140	142	143	210	101	274	76	54	273	60	61	267	67	256	245	72	237	233	213	81	82	229	228	226	87	92	220	219	216	172
99	135	263	239	157	69	4	241	222	134	285	281	50	184	125	253	132	24	138	57	129	236	19	46	207	104	302	339	78	167	124	235	336	164	261	201	214	111	318	149	277	33	9	13	255	308	55	23	177	86	116	221	269	70	320	158	29	286	154	181	328	200	240	119	193	95	63	250	275	136	198	130	131	98	265	64	150	10	34	170	80	342	194	96	276	186	206	18	103	45	297	144	62	31	225	244	15	42	39	27	1	14	90	41	264	188	91	151	65	242	127	282	313	145	298	7	2	258	88	179	217	113	174	0	38	84	12	303	120	268	323	48	106	209	21	22	287	249	28	280	196	97	289	146	299	234	123	332	117	319	251	100	260	185	183	176	163	75	238	182	310	152	223	224	262	254	288	272	231	161	73	191	324	118	133	246	93	190	248	68	317	156	290	331	247	53	232	121	215	162	74	291	51	112	325	203	83	37	11	345	173	192	126	309	301	148	66	211	108	227	270	333	257	26	294	59	141	6	94	329	115	79	292	139	5	25	58	114	218	259	305	266	243	128	180	89	40	3	137	56	284	326	307	202	195	279	187	166	77	32	338	8	314	212	109	252	230	271	52	283	330	327	229	322	219	160	216	72	337	54	165	142	60	122	76	178	295	233	87	228	306	49	197	107	210	334	300	147	20	105	208	47	168	189	340	92	82	344	36	172	101	43	16	204	304	312	237	341	169	267	199	315	143	61	296	343	335	171	81	220	35	44	293	140	273	205	17	102	256	155	67	316	278	226	245	110	213	274	175	159	321	30	71	153	311	85
276	4	269	161	73	324	135	133	241	194	96	253	263	222	239	31	319	281	184	13	182	240	7	261	132	33	9	289	146	299	65	151	99	19	104	207	46	277	157	69	198	200	98	39	235	124	251	302	272	27	93	190	206	45	103	18	55	308	23	50	129	94	221	116	3	265	318	125	149	214	111	339	167	78	264	250	246	145	298	123	234	290	41	14	90	177	86	29	158	70	320	286	10	163	85	291	247	22	119	164	336	185	191	57	24	138	342	80	34	170	303	231	288	275	236	131	217	113	154	242	127	186	201	238	181	248	328	150	64	112	51	215	249	52	134	21	48	106	209	225	323	117	88	179	2	174	0	38	84	12	244	282	53	121	232	313	126	62	144	297	120	223	254	100	258	28	262	192	285	287	188	91	97	196	1	136	280	95	193	130	183	37	83	345	173	11	268	42	15	63	75	332	255	176	331	224	310	152	260	202	74	162	68	317	156	66	325	118	314	203	187	321	71	159	30	114	218	326	311	153	166	304	338	77	92	32	189	195	8	109	49	343	245	210	107	171	110	226	213	81	212	35	199	312	309	334	300	147	137	79	294	72	56	160	59	141	6	216	128	340	219	26	322	284	211	108	229	327	237	243	168	259	307	101	204	16	43	333	293	305	40	271	89	140	180	273	257	335	205	17	44	102	227	230	175	267	252	256	208	105	197	20	329	344	36	169	341	283	172	47	82	315	296	143	61	279	67	316	155	266	278	54	337	148	60	165	142	178	87	306	295	76	301	122	228	233	115	220	274	270	330	292	139	5	58	25
276	263	241	69	157	239	4	281	324	73	161	182	269	55	23	50	222	194	96	253	184	302	124	235	13	132	261	94	133	135	19	104	46	207	7	277	289	65	151	1	134	39	93	190	240	264	18	45	206	103	328	200	129	164	336	265	290	250	116	221	308	31	275	2	251	99	285	42	15	126	255	125	272	174	84	0	38	12	52	78	339	167	10	130	262	286	231	14	90	41	163	186	63	191	170	342	80	34	236	249	176	120	323	85	201	154	95	193	136	9	33	298	145	181	288	149	309	318	287	148	301	238	144	297	62	179	88	22	244	111	214	183	303	131	280	70	158	29	320	198	211	108	97	196	227	224	209	48	21	106	117	246	119	248	98	270	218	114	314	177	86	333	118	223	217	113	185	203	257	59	6	294	141	26	242	127	188	91	329	225	115	150	64	28	319	75	27	100	79	254	259	305	332	258	266	243	128	180	40	89	232	53	121	66	37	83	345	173	299	146	310	152	11	56	284	137	291	282	307	313	331	3	195	292	139	5	58	25	202	162	74	123	234	279	215	32	166	8	338	77	260	317	68	156	109	212	247	192	57	138	24	252	335	140	293	273	204	43	101	16	175	17	44	205	102	20	341	47	36	172	105	208	169	344	82	197	256	267	316	67	155	315	296	61	143	168	229	340	72	237	219	160	322	327	216	76	295	306	54	165	122	220	87	228	60	337	142	233	178	278	274	171	343	245	110	35	107	81	226	210	49	213	304	92	189	334	312	147	300	199	153	311	112	51	330	230	268	187	271	283	159	30	321	71	325	326
239	23	55	135	133	276	241	263	103	45	206	18	194	308	96	157	69	281	269	151	65	13	50	261	7	324	134	255	200	240	161	73	39	262	1	14	41	90	285	85	235	124	94	253	149	27	129	244	250	265	289	234	123	15	42	2	302	275	179	88	31	214	111	318	4	63	120	201	310	152	99	86	177	130	70	320	29	158	251	249	272	97	196	288	119	190	93	290	231	131	183	22	150	64	198	176	182	181	248	191	164	336	332	98	286	66	52	264	188	91	104	207	19	46	57	24	138	12	38	174	0	84	225	268	126	323	282	125	299	146	260	313	236	53	121	232	100	163	132	222	9	33	28	247	258	136	238	185	10	154	184	287	297	62	144	280	223	3	117	331	246	116	221	254	291	202	75	162	74	186	224	319	314	83	37	345	173	298	145	71	321	30	159	303	215	187	51	112	11	311	153	189	81	92	245	110	226	107	213	49	210	304	35	171	343	47	82	267	36	105	20	341	169	172	344	208	197	256	16	43	101	204	143	61	315	296	229	322	72	327	237	160	340	219	168	216	300	334	312	147	199	273	293	140	335	87	60	142	76	295	278	165	233	337	54	228	306	178	220	122	274	175	205	17	102	44	67	155	316	330	283	127	242	271	230	252	34	80	170	342	212	109	167	78	339	32	166	77	338	8	279	218	114	328	192	326	195	307	277	137	56	284	118	180	89	40	243	128	266	305	259	79	292	139	115	5	25	58	329	294	6	26	141	59	257	106	209	21	48	333	270	227	108	211	325	203	301	148	309	217	113	95	193	156	317	68
239	261	135	4	69	157	281	241	13	39	50	269	124	235	99	134	263	9	33	200	23	55	276	285	302	149	262	14	41	90	1	290	182	194	96	63	253	248	129	244	125	246	201	126	111	214	116	221	318	265	236	179	88	240	275	86	177	75	158	320	70	29	250	98	198	136	78	167	339	15	42	268	119	31	2	121	232	53	185	247	289	24	57	138	131	161	73	64	150	85	95	193	183	103	45	18	206	154	127	242	297	62	144	264	188	91	151	65	310	152	22	225	323	286	282	28	313	207	104	46	19	181	258	255	133	130	132	222	120	319	251	100	66	336	164	249	238	287	27	280	7	234	123	299	146	117	184	260	223	191	52	288	332	254	231	328	272	34	80	170	342	174	0	84	38	12	224	277	331	11	145	298	215	118	112	51	176	21	48	106	209	314	308	93	190	37	83	345	173	139	292	5	58	25	113	217	324	10	163	291	186	94	156	317	68	3	71	159	30	321	74	162	114	218	303	187	325	311	153	237	304	36	82	172	344	335	168	340	169	341	189	267	312	92	60	204	16	228	54	87	233	67	178	47	256	76	295	17	142	165	205	208	122	155	316	20	337	306	43	105	199	44	102	101	334	300	147	72	229	160	226	219	216	278	327	322	143	110	35	107	213	140	171	197	315	220	343	296	49	210	293	81	61	245	274	273	175	330	283	271	230	252	109	212	8	166	32	338	77	279	195	307	137	284	56	40	180	89	243	128	266	305	259	79	115	329	192	6	141	294	59	26	257	333	270	227	211	108	326	203	301	148	309	97	196	202
239	263	241	276	157	69	324	269	281	194	96	161	73	55	23	13	4	240	94	302	222	50	200	31	184	7	134	289	65	151	182	277	1	328	39	132	253	129	135	235	124	164	336	255	250	149	130	265	272	18	206	103	45	290	104	207	19	46	201	191	264	275	63	262	261	246	221	116	285	41	14	90	2	42	15	231	9	33	181	308	126	85	27	78	167	339	251	91	188	163	10	52	125	286	249	186	145	298	176	323	170	34	342	80	288	136	120	24	57	138	174	12	0	38	84	234	123	97	196	198	154	98	144	62	297	127	242	133	247	190	93	185	310	152	193	95	83	37	173	345	11	236	100	117	66	121	232	53	248	215	51	112	223	139	292	58	5	25	22	146	299	28	68	305	293	89	61	296	64	81	315	156	143	303	238	153	49	245	150	35	40	218	203	343	210	197	333	107	213	110	317	282	114	115	220	180	274	287	119	273	171	140	280	109	72	278	279	226	212	322	216	229	327	160	219	175	211	108	237	300	334	309	318	147	252	101	16	17	20	21	307	29	320	316	43	44	314	47	70	48	204	67	205	102	105	270	259	131	258	257	256	214	195	209	155	106	208	111	158	243	168	128	311	59	141	26	313	79	340	6	335	294	148	87	142	122	228	199	54	330	337	233	165	60	306	295	183	178	76	301	179	227	36	344	329	187	321	30	230	325	172	304	88	56	244	137	284	271	283	82	71	159	267	326	312	77	189	86	266	177	8	338	32	225	341	169	166	92	192	224	113	217	332	3	331	319	254	118	75	291	99	268	202	74	162	260
161	73	263	276	324	133	4	222	194	96	281	319	184	269	253	132	135	19	207	46	104	65	151	241	7	302	289	299	146	31	23	55	129	69	157	149	45	18	206	103	277	308	50	33	9	93	190	3	214	111	13	318	94	298	145	2	246	125	339	78	167	27	99	221	116	86	177	286	70	29	320	158	198	42	15	85	10	182	98	264	119	236	261	80	170	342	34	291	275	247	181	272	164	336	265	200	251	240	186	131	250	288	150	64	154	163	242	127	235	124	239	113	217	52	303	22	225	328	117	120	282	185	313	38	174	12	0	84	21	106	48	209	231	238	258	262	63	323	1	62	297	144	223	100	234	123	75	192	255	215	51	112	248	287	249	280	126	14	41	90	191	39	188	91	66	260	83	37	173	345	11	290	285	138	57	24	201	176	254	268	331	224	28	202	162	74	193	95	134	118	68	317	156	121	232	53	136	203	325	309	183	301	148	97	196	314	332	88	179	211	108	227	244	218	114	270	310	152	333	257	59	294	26	6	141	329	115	130	79	259	305	292	139	5	58	25	266	243	128	89	180	40	187	284	137	56	307	195	326	279	321	30	71	159	338	77	166	32	8	212	109	252	230	271	283	330	311	153	107	110	35	213	171	343	168	49	237	340	199	226	245	81	210	312	147	334	300	315	143	61	296	306	44	87	54	295	178	165	337	142	205	335	122	228	233	17	274	76	278	60	102	16	327	20	322	341	172	316	36	344	169	189	160	155	197	204	140	208	216	219	229	105	101	92	82	273	72	67	293	47	43	220	256	175	267	304
241	133	239	2	261	15	42	50	276	161	73	149	324	285	181	135	263	250	7	194	96	253	65	151	157	69	33	9	31	198	98	269	91	188	99	207	104	19	46	63	55	23	231	265	255	120	302	4	275	240	200	281	173	83	11	37	345	27	126	272	288	78	167	339	191	336	164	246	247	248	132	222	264	93	190	286	138	57	24	298	145	184	13	206	18	45	103	235	124	1	3	249	308	134	289	75	12	84	174	38	0	146	299	163	97	196	193	95	125	186	260	251	154	123	234	185	262	319	136	310	152	277	10	129	328	236	94	66	100	192	201	332	80	34	170	342	214	111	86	177	313	182	282	318	291	85	176	22	158	320	70	29	74	162	64	150	119	331	323	290	325	202	117	258	215	144	62	297	225	51	112	131	121	232	53	127	242	303	113	217	254	209	106	48	21	223	39	130	52	238	14	41	90	139	25	292	5	58	28	156	317	68	280	221	116	287	224	268	326	187	153	311	179	88	71	159	30	321	118	244	183	329	279	257	195	137	243	128	211	108	284	56	266	230	271	305	283	109	212	338	8	77	32	166	180	40	330	89	227	115	259	270	333	309	59	26	141	6	294	79	148	252	307	301	114	218	314	203	340	341	54	343	316	322	47	337	335	43	44	36	16	49	35	17	20	327	334	122	60	205	169	171	344	274	175	178	273	189	267	197	199	204	208	61	210	213	216	219	220	226	228	229	256	233	237	245	168	278	165	160	315	67	72	312	76	81	82	87	306	92	304	101	102	300	105	107	110	296	295	293	140	142	143	147	155	172
276	135	157	69	263	4	133	324	261	269	50	281	241	7	151	65	336	164	73	161	253	99	31	149	239	124	235	146	299	13	125	94	262	234	123	298	145	57	138	24	42	15	194	96	111	214	2	198	318	275	319	98	200	236	1	177	86	129	240	27	181	70	320	29	158	55	265	302	222	255	3	23	185	85	249	182	207	104	19	46	126	93	190	119	246	132	285	215	112	51	242	127	184	130	188	91	131	150	64	310	152	250	163	247	291	286	289	297	144	62	268	290	225	90	41	14	328	288	244	22	282	313	10	52	251	231	258	303	45	18	206	103	272	134	332	88	179	113	217	100	277	106	209	48	21	39	154	63	287	28	201	280	66	308	186	38	174	0	12	84	176	75	120	170	342	34	80	183	136	238	167	339	78	264	192	323	191	116	221	223	248	196	97	83	37	345	173	117	118	224	260	11	254	202	162	74	331	292	139	25	58	5	314	114	218	68	317	156	270	333	227	108	211	257	6	26	59	294	141	329	115	148	301	79	309	259	305	266	128	243	89	40	180	137	284	56	307	195	279	77	8	166	338	32	109	212	71	30	321	159	252	230	311	153	271	283	330	226	334	300	147	316	315	189	312	35	47	36	197	199	43	44	304	204	140	20	143	169	343	341	340	155	168	335	171	175	16	17	344	327	205	322	296	172	110	213	105	72	160	102	273	219	67	81	82	274	101	278	267	216	61	229	208	293	245	92	220	210	107	49	228	256	337	87	165	76	295	142	178	60	306	54	122	233	237	9	33	187	325	232	53	121	326	193	95	203
239	13	50	241	276	269	135	261	69	157	250	4	194	96	240	90	41	14	281	253	2	91	188	63	134	15	42	39	275	1	182	104	207	19	46	200	55	265	23	9	33	263	264	232	121	53	262	285	125	290	236	75	302	323	201	235	124	336	164	221	116	222	95	193	286	251	181	132	184	130	191	84	0	174	12	38	149	126	260	231	145	298	161	73	120	186	176	136	99	185	31	94	10	7	3	268	328	123	234	248	138	24	57	277	144	297	62	52	37	173	83	345	151	65	129	25	58	139	292	5	319	146	299	215	163	196	97	249	198	98	254	152	310	45	206	18	103	339	167	78	11	255	154	112	51	28	288	247	127	242	289	331	27	342	80	170	34	192	64	307	150	179	329	320	158	88	29	70	108	153	330	148	56	326	137	284	301	128	311	303	243	211	86	227	177	111	214	318	212	109	333	309	230	79	266	114	218	258	270	325	238	294	115	59	21	209	6	141	203	48	26	305	106	259	314	71	321	77	30	131	32	338	244	195	257	166	159	279	8	287	283	225	68	317	89	156	119	187	40	180	282	252	280	183	313	271	100	224	118	93	190	217	113	272	308	291	133	324	74	162	332	223	202	85	117	66	246	22	341	316	343	315	340	54	16	337	335	334	49	47	44	17	20	43	322	327	36	35	233	296	60	61	160	165	168	169	171	344	267	175	178	256	189	197	199	245	204	205	208	210	213	216	219	220	226	228	229	273	155	274	101	312	67	72	76	81	82	87	306	92	304	300	102	147	105	107	110	237	295	122	293	140	142	143	278	172
55	23	4	281	69	157	263	241	50	324	7	276	269	161	73	244	129	135	65	151	194	96	31	179	88	85	302	1	261	124	235	200	39	285	240	239	262	94	275	99	149	198	15	42	111	214	206	18	103	45	98	318	181	250	134	183	2	289	177	86	249	93	190	290	158	320	29	70	125	133	222	310	152	176	126	119	286	238	265	13	46	207	19	104	132	90	41	14	184	332	246	253	182	288	131	185	268	64	150	27	22	84	0	38	12	174	236	63	231	323	251	303	215	24	138	57	120	51	112	225	62	297	144	319	282	272	313	100	193	95	167	339	78	221	116	258	28	66	154	10	164	336	247	9	33	308	217	113	277	186	163	146	299	287	209	21	48	106	136	280	264	328	255	314	201	188	91	196	97	248	291	298	145	52	117	223	202	234	123	83	37	345	173	191	114	218	121	232	53	170	34	80	342	162	74	11	331	75	71	30	321	159	224	127	242	260	130	309	301	148	187	108	211	227	270	118	333	254	139	292	257	59	6	141	294	26	5	25	58	329	115	79	259	305	266	128	243	40	89	180	56	284	137	307	195	279	311	153	8	338	166	32	77	109	212	252	230	271	203	3	283	330	343	35	171	81	49	107	245	197	210	213	110	216	160	219	327	322	72	229	105	20	47	208	312	16	43	169	341	267	204	101	237	304	334	300	36	172	147	344	82	189	340	168	92	199	205	102	44	335	17	256	228	165	295	122	142	233	337	178	87	76	54	60	306	278	293	140	67	316	155	220	226	273	274	175	296	143	315	61	317	68	156	326	325	192
276	239	241	263	135	269	4	324	73	161	194	96	69	157	302	13	235	124	31	253	222	99	240	281	134	200	285	184	181	50	151	65	39	132	289	164	336	138	57	24	125	339	78	167	198	98	94	46	207	19	104	265	272	250	7	277	231	129	116	221	236	55	23	261	1	33	9	120	318	328	214	111	201	275	41	14	90	154	246	290	27	177	86	70	158	29	320	251	163	255	286	182	63	18	103	206	45	119	10	149	185	131	136	145	298	288	264	170	80	342	34	303	112	51	215	186	64	150	249	0	174	38	12	84	308	242	127	176	113	217	232	121	53	238	48	106	21	209	225	144	62	297	323	332	260	75	282	313	299	146	262	22	126	258	91	188	287	117	100	247	130	280	310	152	234	123	52	85	66	223	248	2	133	179	88	224	254	196	97	28	191	244	11	37	83	345	173	42	15	183	331	118	156	317	68	3	291	325	162	74	203	190	93	314	192	292	139	58	5	25	187	326	30	71	159	321	218	114	95	193	311	153	304	245	213	189	101	16	109	110	195	92	212	204	43	49	32	107	210	8	338	77	166	26	322	340	160	284	72	6	294	59	327	56	79	243	137	229	216	211	128	237	219	108	141	168	257	335	271	140	175	40	89	333	293	180	305	273	17	44	270	102	330	266	205	20	307	47	36	197	82	172	329	259	105	344	169	283	341	208	267	252	256	312	230	278	227	309	300	334	147	343	35	171	81	226	199	61	296	143	315	274	279	115	178	301	76	155	165	67	148	337	87	306	316	60	220	228	54	122	233	142	295	268	319	202
133	239	276	73	161	241	324	2	15	42	4	261	255	194	96	65	151	135	7	9	33	269	253	308	263	190	93	191	45	206	103	18	240	13	198	31	200	98	272	289	182	234	123	27	57	138	24	181	188	91	149	95	193	201	214	111	318	285	246	0	84	12	38	174	265	97	196	130	302	86	177	158	70	320	29	303	236	288	244	238	119	88	179	217	113	152	310	120	125	328	250	185	251	39	131	215	209	106	21	48	124	235	112	51	23	55	150	64	129	247	260	277	231	85	163	248	225	184	183	41	90	14	282	63	313	254	319	258	1	222	126	100	290	287	262	280	154	136	52	28	99	291	121	53	232	157	69	132	221	116	176	186	66	134	62	297	144	167	78	339	173	37	83	345	127	242	94	11	298	145	75	224	342	34	80	170	332	323	264	299	146	331	281	118	202	249	22	268	286	314	162	74	50	10	309	20	256	172	47	105	208	341	36	82	169	344	197	267	327	322	72	229	237	340	216	168	219	160	312	147	334	300	343	171	81	35	226	199	107	49	210	92	101	189	204	43	110	213	245	16	304	278	17	44	102	205	273	140	293	175	335	274	67	76	178	220	316	228	295	233	165	155	122	87	337	54	142	306	60	143	315	296	61	330	301	148	283	153	311	114	218	271	230	252	326	109	212	203	77	32	338	8	166	108	211	279	227	275	192	156	68	317	195	58	25	5	292	139	117	270	307	159	321	30	71	333	284	137	56	3	164	336	187	180	40	89	243	128	257	266	26	294	141	59	6	329	305	259	115	223	46	207	19	104	79	325
263	157	69	281	276	133	50	135	324	161	73	261	241	302	23	55	222	269	194	96	184	253	65	151	94	132	149	15	42	19	207	46	104	2	31	289	7	129	13	99	125	103	18	206	45	239	124	235	4	275	164	336	277	308	1	111	214	236	318	200	27	265	86	177	286	29	320	158	70	85	116	221	328	262	285	10	167	78	339	264	181	272	119	198	52	123	234	251	98	250	182	131	188	91	163	150	64	186	34	342	80	170	154	255	191	134	249	247	231	288	225	62	144	297	120	240	282	290	303	313	217	113	319	323	24	138	57	9	33	258	246	298	145	21	209	106	48	185	0	84	12	174	38	39	100	75	193	95	215	238	112	51	152	310	287	244	280	90	41	14	117	190	93	268	126	28	176	179	88	331	130	223	37	83	345	173	136	11	248	224	74	162	201	3	97	196	202	183	299	146	332	53	232	121	127	242	192	118	317	156	68	254	325	139	292	25	58	5	203	66	291	22	311	153	312	278	205	17	44	102	76	155	178	233	316	306	228	87	165	337	142	220	67	122	295	60	54	274	16	245	204	92	101	213	43	189	110	107	210	49	304	140	273	175	293	335	61	296	315	143	256	36	105	208	197	344	20	169	172	82	341	47	267	219	327	168	160	216	72	237	322	229	340	147	300	334	343	35	171	81	226	199	330	283	309	271	230	148	301	252	109	212	77	338	8	32	166	63	279	30	321	71	159	211	108	195	227	307	137	56	284	270	89	180	40	243	128	333	266	326	305	259	314	187	260	257	294	141	6	59	26	79	329	115	218	114
239	241	263	4	134	157	69	182	240	281	302	50	285	2	15	42	200	261	13	269	63	194	96	244	129	39	151	65	235	124	164	336	246	55	23	9	33	167	78	339	24	57	138	88	179	111	214	318	136	146	299	308	27	262	255	86	177	93	190	135	91	188	99	29	320	70	158	253	276	275	154	119	41	90	14	149	265	250	183	319	298	145	268	1	131	127	242	120	3	185	150	64	231	289	290	31	133	286	201	19	207	46	104	7	225	125	297	62	144	181	116	221	222	282	291	313	132	66	272	85	191	52	238	126	310	152	38	174	12	0	84	258	323	288	251	184	75	28	198	254	94	236	287	95	193	121	232	53	280	22	45	18	206	103	98	247	328	73	161	324	215	100	196	97	112	51	176	303	123	234	224	163	223	192	117	186	118	130	264	260	314	11	37	83	345	173	217	113	292	139	331	58	5	25	156	68	317	71	30	321	159	162	74	10	332	187	203	249	309	301	148	311	153	325	102	44	17	205	267	334	147	300	220	219	72	278	226	274	229	160	304	327	216	322	175	293	210	49	107	197	273	140	60	337	82	36	76	306	295	54	87	172	344	178	142	165	233	228	122	204	35	61	16	171	213	20	296	143	208	110	47	92	43	316	315	199	312	169	189	67	101	245	343	256	341	237	81	155	335	105	168	340	108	211	330	283	227	202	271	218	114	230	252	270	333	109	212	342	170	34	80	32	338	8	166	77	279	257	59	294	6	141	26	326	329	195	115	307	21	209	106	48	56	284	137	79	180	40	89	128	243	266	248	259	277	305
263	4	157	69	281	276	50	222	194	96	261	324	241	161	73	2	133	184	302	253	15	42	132	135	104	207	19	46	129	13	99	239	269	151	65	94	125	289	149	240	134	45	18	103	206	277	336	164	7	275	236	31	308	111	214	318	285	235	124	265	221	116	86	177	286	70	158	320	29	328	339	78	167	1	200	10	234	123	119	246	85	272	264	131	262	27	120	80	34	170	342	52	186	150	64	154	231	181	251	163	191	249	247	225	144	62	297	303	91	188	319	198	193	95	282	217	113	313	55	23	190	93	98	323	48	209	21	106	258	126	250	288	248	290	145	298	39	57	24	138	238	100	287	117	280	75	33	9	255	260	0	174	84	12	38	63	244	28	152	310	223	176	331	268	136	254	224	22	3	173	83	37	345	74	162	97	196	11	88	179	112	51	215	232	121	53	202	118	192	130	201	68	317	156	66	291	309	203	301	148	185	183	211	108	227	325	139	292	270	25	5	58	333	114	218	314	332	127	242	257	141	59	294	26	6	329	115	41	90	14	267	44	102	17	205	160	304	219	322	72	327	278	274	216	226	220	229	300	334	147	197	273	140	107	293	210	49	175	335	47	61	189	213	155	199	143	16	67	204	208	43	341	169	245	105	316	256	92	237	101	315	343	171	312	110	35	81	296	20	337	36	306	344	172	54	165	228	82	122	142	233	76	178	60	295	87	340	168	153	311	79	330	146	299	283	259	305	271	230	266	252	243	128	30	71	321	159	180	89	40	212	109	77	338	166	32	8	137	284	56	307	279	326	182	187	195
23	55	276	241	157	69	263	135	281	324	261	239	269	133	161	73	4	50	194	96	222	124	235	99	184	253	13	7	132	182	1	125	94	15	42	46	19	207	104	2	277	302	265	129	31	290	134	250	328	236	264	201	240	65	151	246	200	39	126	198	98	275	289	336	164	251	221	116	249	262	130	85	52	10	286	255	149	27	272	163	186	206	18	45	103	170	342	80	34	323	234	123	127	242	97	196	63	33	9	62	297	144	191	288	167	78	339	309	318	90	41	14	287	301	148	57	138	24	214	111	154	176	131	319	280	70	158	29	320	298	145	108	211	227	119	28	224	285	270	118	86	177	218	114	185	333	254	75	314	117	203	308	22	257	26	141	6	59	294	329	225	115	100	150	64	223	193	95	48	106	209	21	136	299	146	231	238	260	183	79	303	51	112	3	259	305	120	258	266	91	188	243	128	180	89	40	113	217	215	291	284	137	56	310	152	282	307	313	292	139	195	58	25	5	202	268	83	173	345	37	332	279	331	181	11	166	338	77	8	32	192	156	68	317	212	109	66	93	190	248	74	162	244	252	179	88	53	232	121	230	247	271	187	326	71	321	159	30	325	226	334	147	300	43	47	20	67	35	36	61	17	16	44	172	72	189	199	204	205	213	216	219	220	229	245	267	273	274	278	293	296	304	312	315	316	322	327	335	340	341	343	197	208	160	175	105	102	101	155	92	110	140	143	168	169	171	82	344	81	210	237	107	49	306	178	87	337	60	142	295	256	76	165	228	122	233	54	153	311	283	12	84	38	174	0	330
239	135	276	65	151	194	96	13	308	241	103	206	45	18	222	73	161	269	184	4	319	132	281	7	46	207	104	19	324	253	285	14	90	41	146	299	94	277	69	157	181	55	263	23	120	125	236	221	116	255	50	214	111	318	234	123	129	91	188	9	33	3	288	265	177	86	31	10	250	29	320	70	158	231	286	247	42	15	298	145	2	119	85	303	130	34	170	80	342	163	113	217	52	291	1	63	131	238	261	64	150	39	126	186	275	136	196	97	201	48	106	21	209	289	200	260	98	198	88	179	244	240	225	78	167	339	282	328	272	313	117	134	215	154	51	112	24	57	138	262	323	258	223	22	246	100	164	336	249	232	121	53	182	248	99	174	12	84	0	38	192	302	183	193	95	287	185	191	124	235	280	268	62	144	297	310	152	27	66	331	28	83	37	345	173	75	254	11	242	127	176	224	290	202	74	162	156	317	68	118	133	325	314	187	203	321	159	71	30	332	218	114	326	292	139	58	25	5	311	153	251	226	178	337	54	256	228	306	76	142	60	122	233	165	87	295	237	49	210	107	293	16	72	17	267	327	20	322	316	315	67	273	274	278	61	343	340	312	35	36	304	43	44	296	47	341	335	172	213	110	140	220	143	105	102	101	175	208	219	229	216	344	189	92	171	245	197	169	199	204	168	82	81	155	160	205	334	147	300	330	283	271	230	252	109	212	8	338	166	32	77	279	195	307	56	284	137	40	89	180	243	128	266	305	259	79	115	329	141	26	6	59	294	257	333	190	93	270	227	211	108	148	301	264	309	149
276	253	135	269	133	250	288	324	73	161	50	198	149	98	200	302	261	69	157	99	65	151	31	241	263	7	124	235	265	254	163	290	33	9	289	275	55	23	39	185	251	232	53	121	281	13	190	93	249	181	248	1	4	112	51	215	94	182	25	58	292	5	139	136	19	104	207	46	125	246	240	63	239	272	96	194	262	188	91	173	345	83	37	132	2	66	11	42	15	100	222	191	286	85	247	206	103	18	45	310	152	184	255	308	27	236	264	10	285	202	57	138	24	336	164	95	193	186	90	14	41	277	52	298	145	323	176	297	144	62	231	331	84	38	174	12	0	134	201	28	328	120	75	129	299	146	342	34	80	170	3	123	234	154	126	116	221	22	319	287	106	21	209	48	64	244	203	150	111	313	303	86	325	214	225	177	70	131	158	320	29	314	114	326	68	156	317	218	119	183	280	258	282	318	187	311	88	179	238	159	30	71	153	321	291	127	242	113	217	167	78	339	224	192	223	74	162	260	332	130	117	97	196	118	268	54	296	300	306	295	56	343	305	67	61	304	301	59	60	72	333	307	309	330	16	17	329	334	20	335	327	26	322	337	32	338	35	36	40	316	315	43	44	8	6	47	340	341	49	312	208	270	76	227	344	171	169	168	166	165	229	230	233	160	155	237	148	147	243	228	175	77	226	210	205	204	211	212	199	213	197	195	216	189	219	220	180	178	143	142	141	140	101	273	274	278	279	283	92	284	89	87	293	294	82	81	79	102	271	105	128	245	252	137	256	257	259	266	107	122	267	115	110	109	108	172
151	65	69	157	281	135	239	50	194	96	222	241	125	263	276	181	4	236	184	285	132	13	129	19	207	46	104	324	31	161	73	133	94	15	42	2	55	7	23	253	103	45	206	18	277	182	164	336	275	308	214	111	1	99	318	120	261	265	246	86	177	231	286	85	288	136	29	320	70	158	328	269	10	249	221	116	126	149	234	123	119	52	163	63	247	201	339	167	78	93	190	57	24	138	262	134	131	170	34	342	80	186	98	198	215	150	64	112	51	260	264	154	244	235	124	225	250	144	297	62	282	313	323	12	38	174	84	0	290	319	100	258	193	95	88	179	248	310	152	145	298	217	113	196	97	303	191	27	272	209	21	106	48	117	287	280	130	185	268	240	183	254	223	251	332	238	331	127	242	14	90	41	289	224	28	162	74	121	232	53	299	146	118	3	75	22	255	202	188	91	37	83	345	173	9	33	200	192	11	156	68	317	325	139	292	5	58	25	66	314	302	203	114	218	291	321	71	30	159	311	153	257	59	294	141	6	26	329	333	115	270	79	227	108	211	259	305	266	243	128	180	89	40	137	284	56	307	148	301	195	309	39	279	77	338	32	8	166	109	212	252	230	271	283	330	274	175	296	143	61	315	229	322	327	72	219	160	216	293	49	140	213	107	110	197	273	245	210	81	205	17	44	256	35	343	171	102	237	304	341	169	16	101	43	204	267	105	47	20	208	220	67	226	316	155	278	335	337	76	306	165	295	54	60	142	87	233	228	178	122	312	189	340	92	168	199	334	344	36	82	300	147	172	326	176	187
239	241	263	23	55	276	4	261	99	157	69	13	240	222	134	253	135	184	194	96	285	269	302	281	124	235	132	200	164	336	50	182	46	104	207	19	277	41	90	14	57	24	138	339	78	167	151	65	221	116	289	136	250	265	328	125	246	264	129	39	236	73	161	255	120	95	193	185	201	63	318	324	176	214	111	22	91	188	154	126	244	179	88	1	303	272	290	286	10	238	177	86	158	29	70	320	248	145	298	215	112	51	275	27	133	149	231	80	34	342	170	251	94	7	186	113	217	119	191	131	48	209	106	21	85	332	288	308	297	62	144	150	64	198	190	93	130	183	98	242	127	97	196	225	206	18	45	103	323	282	313	117	52	31	152	310	258	299	146	287	33	9	223	121	232	53	262	280	28	249	123	234	163	331	83	11	345	37	173	224	42	15	66	268	314	2	100	162	74	317	68	156	254	247	325	192	187	118	218	114	159	71	30	321	3	203	84	38	12	0	174	202	326	292	139	5	58	25	311	153	213	257	210	197	107	110	245	273	140	49	333	293	171	205	343	102	195	17	81	35	44	256	229	160	327	322	72	219	216	335	278	226	220	67	155	316	115	305	180	40	274	279	175	89	208	20	105	259	307	47	329	109	271	230	227	283	212	252	301	165	142	87	228	337	54	76	148	306	233	60	295	122	178	330	312	61	296	143	315	137	199	284	56	270	147	82	309	344	334	300	172	36	243	189	128	266	168	340	294	26	79	59	92	141	6	108	211	237	101	43	267	338	32	8	166	77	204	16	169	341	304	319	75	291	181	260
276	50	269	135	324	250	263	241	73	161	302	157	69	7	4	31	275	151	65	124	235	200	39	281	133	55	23	290	198	253	13	239	98	94	261	194	96	289	149	182	240	288	2	1	181	57	24	138	265	264	99	262	53	232	121	185	42	15	27	215	33	9	85	112	51	136	249	310	152	251	163	83	173	345	37	188	91	272	11	247	248	90	41	14	260	190	93	100	103	45	18	206	66	129	244	286	63	202	46	104	207	19	88	179	231	323	75	164	336	193	95	22	3	268	332	308	117	146	299	223	311	153	201	285	214	111	144	297	62	86	177	313	282	318	255	183	236	70	320	29	158	298	145	64	150	25	5	139	58	292	119	325	258	132	10	225	123	234	131	222	254	291	319	134	242	127	192	238	184	221	116	38	84	12	0	174	52	130	30	159	321	71	186	125	317	156	68	246	328	303	80	342	34	170	28	78	339	167	126	280	196	97	120	331	287	154	217	113	187	326	162	74	224	277	48	209	106	21	176	118	314	191	203	309	333	270	77	8	338	32	166	257	195	279	284	56	243	266	128	211	137	108	283	212	109	329	271	230	305	307	148	252	301	79	6	26	294	59	141	227	180	115	40	330	259	89	218	114	312	147	142	143	315	35	306	36	197	140	107	316	334	343	168	341	340	165	171	344	337	335	160	189	175	16	17	155	327	20	43	178	322	304	295	44	226	220	81	82	267	169	87	256	92	245	76	110	237	233	229	101	102	228	105	219	122	199	208	47	49	300	296	204	54	205	293	60	273	61	210	278	67	213	274	216	72	172
133	4	324	276	73	161	261	241	135	269	239	198	9	33	98	31	253	308	151	65	263	272	190	93	7	289	235	124	185	103	18	45	206	200	191	194	96	240	24	57	138	27	95	193	214	111	318	182	251	215	51	112	99	302	265	177	86	290	250	158	70	29	320	303	328	310	152	119	238	244	113	217	15	42	1	91	188	179	88	163	236	94	247	288	39	129	131	277	260	149	106	209	21	48	150	64	126	184	55	319	23	14	90	41	181	222	13	255	254	249	262	225	127	242	134	282	63	313	183	2	157	69	97	196	281	154	258	85	130	100	132	298	145	164	336	176	201	287	125	146	299	291	231	280	246	75	22	123	234	186	342	34	170	80	264	332	144	297	62	120	136	275	52	10	3	286	285	207	19	104	46	323	224	78	339	167	118	117	116	221	53	121	232	50	314	202	248	192	28	223	331	155	316	67	205	335	44	102	17	274	122	76	337	178	220	315	165	54	295	278	87	60	61	233	228	296	143	142	306	140	293	273	175	256	82	105	172	219	197	341	327	322	20	267	229	36	216	208	72	169	160	344	47	199	226	171	237	35	107	168	81	340	210	343	49	304	334	312	16	245	300	92	110	43	213	101	189	204	147	330	283	37	345	83	173	153	311	271	11	230	309	252	218	114	148	301	162	74	212	109	32	338	8	166	77	326	68	156	317	279	203	195	108	211	268	307	227	284	137	56	159	30	321	71	270	66	40	180	89	128	243	266	25	5	58	292	139	333	187	305	259	12	84	38	174	0	325	79	257	294	26	6	59	141	329	115
239	263	276	69	157	241	281	194	96	13	45	103	206	18	135	308	50	302	65	151	222	269	133	15	42	184	2	134	253	132	73	161	240	182	19	207	104	46	289	235	124	324	55	23	125	277	149	123	234	31	328	94	7	129	265	1	261	164	336	236	246	63	200	275	27	39	163	193	95	14	90	41	10	290	52	221	116	286	231	262	288	250	251	201	186	342	80	34	170	99	85	130	248	167	339	78	91	188	323	4	264	185	249	255	285	309	298	145	318	287	148	301	127	242	154	214	111	131	272	57	138	24	254	280	29	158	70	320	108	211	227	224	120	119	9	33	238	270	114	218	177	86	314	183	333	303	48	106	21	209	203	118	62	297	144	28	93	190	196	97	257	6	59	141	26	294	181	329	225	117	115	64	150	51	112	126	217	113	100	88	179	310	152	176	79	215	0	84	12	38	174	259	319	75	223	305	244	258	266	128	243	180	89	40	198	191	284	137	56	282	53	232	121	307	313	98	260	22	291	195	139	292	299	146	136	25	58	5	83	37	345	173	3	279	247	11	202	8	77	338	32	166	66	331	317	156	68	212	109	162	74	192	332	252	230	187	271	159	30	71	321	326	325	283	199	102	205	335	44	17	274	278	295	143	233	337	142	228	60	61	220	54	178	296	87	306	315	165	76	122	155	67	316	36	341	327	20	322	229	172	169	82	216	219	197	72	344	160	105	47	208	140	175	273	293	256	267	171	168	334	300	237	226	107	35	340	81	147	210	343	49	43	101	110	304	245	92	16	189	213	312	204	153	311	330	268
239	4	241	133	261	269	240	135	13	194	96	200	302	246	235	124	39	276	91	188	182	2	290	14	41	90	138	24	57	161	73	289	263	134	27	136	324	191	42	15	198	63	98	99	151	65	251	94	253	250	265	181	7	201	236	309	318	287	148	301	149	120	123	234	111	214	238	131	280	320	29	70	158	183	108	211	303	328	125	277	126	227	260	224	88	179	119	249	48	21	209	106	270	114	218	174	84	38	0	12	118	319	314	86	177	272	333	244	222	299	146	184	154	310	152	129	203	217	113	262	257	336	164	59	294	26	6	141	329	225	291	115	64	150	127	242	176	22	281	157	69	132	297	144	62	85	254	332	121	53	232	79	339	78	167	163	145	298	31	51	112	259	268	305	231	258	266	128	243	180	40	89	170	80	342	34	215	10	1	9	33	284	56	137	282	95	193	28	307	100	313	206	45	18	103	195	75	247	3	186	130	190	93	248	52	255	292	139	279	25	58	5	286	50	77	338	32	8	166	104	46	207	19	196	97	156	68	317	212	109	185	323	331	23	55	192	308	162	74	66	223	116	221	252	117	264	275	230	187	271	288	30	321	71	159	285	11	37	83	345	173	202	326	325	274	61	296	143	315	168	92	340	189	199	36	344	172	82	220	105	20	47	208	175	44	102	205	256	81	335	35	171	17	343	273	155	278	67	293	140	316	226	337	295	233	228	304	306	87	165	76	122	142	54	178	60	237	312	219	107	110	327	322	72	216	160	213	229	197	245	49	210	334	147	300	101	341	43	169	204	16	267	153	311	330	283
149	4	269	253	276	263	324	50	302	250	133	135	157	69	161	73	241	31	251	275	289	200	1	265	9	33	198	94	264	98	13	281	261	163	123	234	23	55	272	239	104	46	19	207	288	182	93	190	83	173	345	37	11	249	7	132	292	58	139	5	25	248	222	255	185	254	286	247	91	188	65	151	262	184	215	112	51	96	194	196	97	45	18	206	103	164	336	290	10	240	221	116	85	134	308	27	186	277	95	193	285	202	331	75	231	125	100	145	298	15	42	2	52	310	152	260	99	138	57	24	63	120	323	328	34	342	80	170	41	14	90	129	146	299	176	297	62	144	3	130	78	167	339	201	126	154	235	124	74	162	319	28	291	117	174	84	38	12	0	181	232	121	53	192	136	183	280	287	158	29	203	320	70	311	153	325	313	314	258	48	244	106	318	150	238	209	119	21	282	64	225	214	111	86	177	88	179	156	68	317	30	187	131	114	71	326	159	218	321	303	118	127	242	113	217	246	22	224	268	39	191	66	236	332	223	56	296	60	300	54	8	295	59	335	316	6	61	294	334	337	338	67	340	284	341	343	293	330	301	309	315	32	20	72	36	312	322	17	40	16	327	304	307	329	43	44	306	305	26	47	333	49	35	267	283	76	155	212	213	216	148	147	219	143	142	141	140	220	137	226	227	211	160	210	344	180	178	195	175	197	199	171	208	169	168	204	166	165	205	228	229	128	273	189	92	270	89	87	271	274	259	82	81	278	79	279	77	266	257	230	109	233	122	237	115	243	110	108	256	107	105	245	102	101	252	172
241	281	157	69	135	239	263	50	55	23	324	269	7	4	261	73	161	276	129	244	65	151	194	96	179	88	31	85	39	302	235	124	200	99	262	13	285	275	198	15	42	181	2	98	214	111	318	1	125	182	183	86	177	94	63	290	250	320	158	29	70	265	149	18	206	45	103	240	310	152	14	41	90	289	119	286	222	231	133	236	104	19	46	207	238	120	131	268	176	132	288	27	150	64	184	249	332	9	33	251	319	323	215	93	190	112	51	22	167	339	78	62	297	144	225	130	255	116	221	282	272	313	100	303	154	258	134	188	91	185	247	10	66	28	95	193	163	57	138	24	287	280	253	186	136	145	298	113	217	127	242	336	164	254	196	97	277	232	53	121	260	201	106	209	21	48	52	314	246	328	224	146	299	202	223	117	118	331	291	162	74	3	30	71	321	159	248	75	187	218	114	37	345	173	83	80	170	34	342	292	139	5	58	25	311	153	205	44	102	17	337	122	316	76	233	306	67	220	178	228	60	87	155	54	165	295	142	47	105	36	72	82	20	172	229	322	219	216	327	341	208	197	344	169	160	256	273	293	140	267	175	274	278	335	49	107	168	340	210	237	213	16	204	43	101	245	189	92	110	81	343	171	35	61	143	296	315	312	199	226	300	304	334	147	330	283	271	230	252	109	212	32	77	8	166	338	279	11	234	123	195	307	284	56	137	326	180	89	40	243	128	266	305	259	79	317	68	156	115	329	59	141	6	26	294	257	333	38	12	174	84	0	270	192	308	227	211	108	126	325	301	148	191	309	203	264
239	276	241	285	13	135	194	96	255	324	263	73	161	151	65	181	2	222	253	42	15	269	261	157	69	184	120	240	4	134	55	23	132	164	336	125	7	104	46	207	19	231	57	24	138	50	236	281	33	9	31	94	123	234	1	129	98	198	277	78	339	167	265	130	116	221	99	111	214	318	103	18	206	45	308	200	328	133	260	272	86	177	248	275	70	29	320	158	286	250	235	124	154	10	174	0	84	38	12	119	298	145	201	288	80	34	170	342	131	39	249	150	64	14	90	41	186	246	303	302	163	113	217	225	299	146	85	282	21	106	48	209	182	313	290	238	323	97	196	117	258	91	188	52	144	297	62	136	121	232	53	63	75	289	223	27	332	93	190	287	100	280	247	251	193	95	22	176	215	112	51	28	3	224	126	152	310	331	242	127	37	11	83	345	173	88	179	185	149	254	118	291	319	264	183	268	68	156	317	191	244	162	74	325	66	262	203	314	187	114	218	326	108	211	148	301	227	309	270	30	159	71	321	333	257	6	59	141	26	294	329	115	79	259	305	266	128	243	180	89	40	137	56	284	307	195	279	77	32	166	8	338	109	212	252	230	271	311	153	283	330	205	44	17	102	295	155	54	122	178	306	165	233	142	67	60	228	337	87	316	220	76	312	343	35	81	171	143	315	296	61	49	340	237	210	168	107	43	189	92	204	245	101	16	110	213	300	304	147	334	226	199	273	140	256	293	267	327	322	20	341	172	344	208	219	105	229	36	82	160	216	72	169	197	47	335	274	278	175	192	25	5	58	292	139	202
263	276	69	157	241	239	281	194	96	50	253	324	261	134	133	135	269	73	161	13	222	235	124	302	55	23	42	15	2	240	184	132	19	46	207	104	234	123	151	65	99	289	39	200	94	125	116	221	129	277	206	45	18	103	4	265	164	336	7	31	285	214	111	275	318	308	290	236	1	272	86	177	264	250	70	158	320	29	78	339	167	286	27	262	63	10	182	201	328	119	251	163	131	52	181	198	154	64	150	85	303	342	34	170	80	186	98	249	130	126	260	217	113	136	297	144	62	225	149	323	21	209	48	106	238	319	282	95	193	313	53	121	232	176	288	258	298	145	100	120	9	33	231	287	255	280	174	0	84	12	38	90	14	41	117	248	215	51	112	24	138	57	75	152	310	268	223	179	88	28	191	331	66	91	188	3	224	244	74	162	37	83	345	173	183	11	196	97	291	192	118	202	317	156	68	332	185	254	22	247	246	325	292	139	5	25	58	203	314	127	242	309	301	148	218	114	93	190	211	108	299	146	227	270	333	257	26	294	59	141	6	329	115	187	79	81	171	343	35	312	293	273	140	256	47	36	72	322	20	82	327	341	172	197	169	216	208	105	344	229	219	160	278	274	175	335	267	199	92	110	16	245	213	204	189	43	101	340	49	210	107	168	237	226	334	304	147	300	61	296	143	315	316	220	87	233	337	228	155	178	142	76	306	165	122	67	295	54	60	44	205	102	17	330	283	259	153	311	305	271	266	243	128	230	89	40	180	252	71	321	159	30	326	212	109	284	137	56	307	166	8	338	32	77	279	195
239	276	133	50	241	2	13	15	42	69	157	269	324	253	23	55	135	194	96	261	123	234	65	151	275	130	281	161	73	240	263	31	104	46	19	207	265	134	250	7	63	1	308	9	33	288	103	45	206	18	94	136	98	198	181	200	255	163	231	121	53	232	262	249	124	235	125	272	132	264	222	27	39	93	190	286	215	336	164	173	345	37	83	51	112	184	188	91	285	310	152	11	52	126	100	120	182	323	10	75	221	116	85	236	251	185	289	290	298	145	202	186	214	111	177	86	24	138	57	313	282	318	99	302	201	29	320	158	70	64	150	277	119	331	3	297	144	62	191	176	325	258	246	146	299	217	113	303	4	225	131	129	260	154	12	174	38	84	0	209	21	48	106	328	248	238	170	342	34	80	196	97	162	74	292	5	25	58	139	78	167	339	66	22	95	193	179	88	244	319	268	311	153	156	68	317	242	127	280	291	183	287	28	187	321	71	30	159	192	90	41	14	149	117	326	224	118	223	247	254	332	314	203	218	114	266	307	227	329	108	301	284	137	211	56	330	128	243	148	259	270	257	195	79	141	6	271	26	294	59	115	305	279	8	166	77	338	283	32	40	89	180	252	309	333	109	212	230	327	17	16	306	343	35	49	36	54	340	47	341	335	316	315	312	20	337	44	43	334	322	274	304	160	226	140	142	143	220	219	147	216	213	155	210	208	229	205	204	165	168	169	171	344	199	175	197	178	228	233	60	278	61	300	296	295	67	293	72	76	81	82	87	92	237	189	273	267	101	102	105	107	110	256	245	122	172
263	69	157	241	151	65	281	50	239	4	276	324	73	161	31	164	336	149	194	96	2	15	42	7	181	235	124	302	262	133	134	146	299	1	135	94	285	298	145	18	206	103	45	319	275	261	265	308	125	240	63	200	253	272	222	190	93	111	214	318	231	3	129	99	289	247	184	104	19	207	46	132	177	86	120	236	255	158	70	320	29	13	198	163	152	310	249	98	215	288	41	90	14	85	112	51	119	123	234	328	246	131	185	291	250	64	150	286	269	52	154	23	55	75	277	297	144	62	10	268	127	242	225	339	167	78	27	176	282	313	201	38	84	174	12	0	22	303	264	100	66	126	182	244	258	28	113	217	196	97	106	21	209	48	290	186	88	179	287	260	323	280	188	91	238	192	34	170	80	342	39	130	251	183	116	221	223	331	162	74	224	193	95	332	57	138	24	33	9	118	136	83	37	345	173	292	139	58	25	5	202	121	53	232	11	191	117	254	311	153	220	175	315	61	143	296	274	233	54	228	76	87	60	295	122	337	304	178	306	165	142	293	155	67	273	140	278	316	226	17	81	35	335	44	343	256	205	102	171	172	82	36	344	189	340	199	92	168	208	47	105	20	72	219	322	197	327	160	210	110	49	107	229	213	245	216	237	312	300	147	334	43	204	101	267	16	169	341	330	156	68	317	283	271	230	252	30	71	321	159	109	212	77	8	166	338	32	279	314	195	307	56	284	137	89	180	40	128	243	266	305	259	248	79	218	114	187	115	329	26	6	59	294	141	257	326	333	270	227	211	108	325	301	148	309	203
135	239	157	69	263	241	276	261	281	65	151	99	4	269	324	73	161	253	50	13	222	31	184	7	125	94	149	132	133	124	235	236	198	98	285	42	15	265	181	277	19	46	207	104	302	1	200	2	336	164	194	96	262	234	123	275	250	190	93	289	201	129	328	52	249	18	206	45	103	163	255	185	12	84	174	0	38	116	221	339	78	167	308	176	231	10	288	318	214	111	120	63	272	286	191	244	260	88	179	303	95	193	248	238	177	86	215	112	51	138	24	57	158	29	70	320	247	14	90	41	186	154	290	34	80	170	342	39	217	113	119	297	62	144	22	131	21	106	209	48	145	298	188	91	85	126	64	150	33	9	319	323	183	75	182	100	225	134	282	313	152	310	258	287	246	280	117	28	332	3	268	254	223	224	331	264	291	146	299	53	232	121	192	83	37	345	173	97	196	23	162	74	292	139	25	58	5	314	11	55	130	118	68	156	317	251	325	187	218	114	159	30	321	71	203	242	127	240	202	326	66	311	153	199	226	245	110	213	81	343	35	171	334	309	147	300	304	267	252	82	341	329	259	283	20	47	36	307	172	344	169	105	208	197	256	32	107	8	210	77	166	338	49	109	16	212	43	189	195	101	92	204	56	141	284	211	59	294	137	128	26	79	322	160	237	229	340	243	6	168	219	108	72	216	327	17	266	102	270	44	205	230	227	278	257	335	271	273	305	40	175	333	293	89	180	140	143	296	61	315	316	155	67	220	337	87	76	228	165	148	301	115	122	142	178	60	54	295	233	306	330	274	279	312	27	136
4	239	241	240	194	96	263	261	222	182	13	269	302	184	319	281	135	132	276	39	46	19	207	104	221	116	99	134	235	124	289	253	41	90	14	200	246	55	23	146	299	290	69	157	277	129	50	136	201	111	214	318	3	161	73	86	177	167	78	339	27	188	91	320	29	70	158	264	145	298	95	193	286	125	119	10	181	250	63	123	234	34	80	342	170	251	236	1	303	291	131	151	65	113	217	57	24	138	150	64	265	185	324	7	186	154	285	130	2	255	238	22	48	106	21	209	242	127	126	225	248	275	121	232	53	282	164	336	313	93	190	62	297	144	15	42	328	38	174	84	12	0	323	258	196	97	117	262	9	33	223	192	75	88	179	272	231	31	244	287	247	280	163	100	52	94	260	249	85	183	198	133	152	310	288	37	83	345	173	176	149	18	206	103	45	11	331	98	332	28	224	215	112	51	66	191	156	317	68	120	74	162	325	268	308	118	187	314	71	159	30	321	203	326	202	311	153	315	61	296	143	155	67	316	274	295	142	337	228	306	87	233	178	220	76	165	60	54	122	175	293	140	273	335	312	278	102	44	17	205	147	300	334	304	110	226	199	213	245	171	35	343	81	267	169	47	344	172	105	82	341	208	36	20	197	256	101	189	92	204	16	43	49	107	210	322	327	340	168	229	72	160	237	219	216	330	283	271	230	252	218	114	109	212	77	32	166	8	338	279	195	307	137	56	284	89	180	40	243	128	266	305	259	79	115	329	59	26	294	6	141	257	333	292	139	270	5	58	25	227	108	211	254	301	148	309
55	23	263	276	269	324	4	73	161	241	302	138	57	24	135	285	69	157	1	281	99	7	194	96	50	133	18	45	206	103	250	198	289	98	244	129	200	261	251	9	33	255	94	179	88	339	167	78	27	235	124	264	253	85	201	120	272	193	95	182	231	265	308	39	31	91	188	181	275	126	149	262	13	215	41	14	90	246	164	336	112	51	154	136	222	242	127	184	328	134	238	240	249	19	207	104	46	303	286	183	247	132	299	146	260	190	93	310	152	309	65	151	318	287	63	176	301	148	113	217	123	234	239	323	111	214	298	145	131	224	280	158	320	70	29	108	211	319	185	227	125	119	118	270	3	177	86	277	333	66	203	114	218	130	257	186	141	294	6	26	59	254	329	225	115	150	64	144	62	297	288	314	291	79	21	48	209	106	52	290	259	305	100	268	75	258	266	128	243	10	40	180	89	83	37	345	173	11	236	28	202	56	284	137	282	332	307	192	139	292	313	25	5	58	196	97	116	221	248	163	195	191	331	30	71	321	159	311	153	204	189	92	16	43	101	210	49	107	168	72	322	327	237	160	229	216	340	219	335	175	293	140	273	171	343	35	81	147	304	300	334	278	245	213	110	226	199	44	205	17	102	274	315	61	143	296	233	87	220	295	178	165	142	122	76	60	337	54	228	306	316	155	67	20	47	36	172	208	82	197	105	341	344	169	256	267	312	223	330	187	162	74	170	342	80	34	283	279	117	325	326	166	8	77	338	32	271	22	2	156	68	317	212	109	230	0	12	174	38	84	232	121	53	252	15	42
