23	55	4	93	190	2	42	15	261	194	96	134	133	253	126	234	123	240	246	130	174	12	84	38	0	135	1	255	248	263	269	264	65	151	99	90	41	14	185	308	191	206	45	18	103	94	239	241	247	281	181	289	336	164	127	242	13	39	27	260	250	201	69	157	319	262	328	272	129	85	176	200	95	193	244	265	276	302	146	299	179	88	33	9	51	215	112	290	149	184	222	251	145	298	78	167	339	124	235	277	303	238	24	57	138	285	97	196	318	111	214	188	91	217	113	63	163	132	75	52	50	182	332	177	86	183	320	29	158	70	22	3	291	106	21	209	48	154	116	221	268	323	119	136	10	342	80	34	170	144	297	62	46	207	104	19	131	288	254	150	64	117	223	324	286	186	98	198	100	225	232	121	53	73	161	31	282	313	125	236	258	287	280	192	331	275	66	118	120	202	224	162	74	7	310	152	314	11	37	83	345	173	249	139	292	25	5	58	68	156	317	218	114	325	187	321	71	159	30	203	326	311	153	267	274	56	212	220	216	219	279	226	229	252	329	327	278	72	109	115	137	160	322	304	284	35	315	32	256	143	307	316	257	259	305	67	40	20	296	43	270	47	61	16	245	77	312	110	211	189	199	204	180	108	338	171	105	208	169	166	101	213	341	81	237	343	335	8	89	155	92	195	294	6	141	128	168	340	79	243	26	59	266	44	330	17	205	102	197	140	227	210	273	293	107	175	49	333	337	172	233	122	228	87	230	344	165	148	82	76	271	60	54	283	295	142	301	36	306	178	147	334	309	300	231	28
23	55	4	190	93	2	42	15	261	194	96	134	133	234	123	253	240	126	246	38	174	12	0	84	1	135	130	255	263	264	41	14	90	269	248	99	191	94	247	27	260	151	65	250	103	45	206	18	308	285	244	129	185	328	179	88	336	164	281	138	24	57	127	242	289	319	85	124	235	176	262	238	303	39	157	69	318	200	181	277	111	214	184	146	299	272	222	13	51	112	183	215	193	95	70	29	158	320	113	217	302	209	48	106	21	290	33	9	177	86	241	131	78	167	339	196	97	119	298	145	154	7	149	287	132	163	332	291	52	280	116	221	75	309	297	144	62	148	301	268	64	150	118	224	225	265	22	98	198	211	108	201	227	323	314	10	34	80	170	342	288	114	218	136	270	239	3	333	251	203	50	257	100	258	59	294	26	141	6	329	63	188	91	19	104	207	46	282	115	186	313	286	79	223	117	121	53	232	259	231	305	276	266	243	128	180	89	40	66	249	310	152	137	284	56	331	307	195	192	254	292	139	5	58	25	31	162	74	279	236	156	68	317	125	338	77	32	8	166	109	212	73	161	202	28	120	275	252	187	182	230	71	159	30	321	325	271	11	83	37	345	173	326	324	283	330	311	153	20	296	189	256	199	213	61	204	245	237	47	208	35	43	92	171	169	110	16	312	155	343	67	315	143	316	81	335	101	105	341	233	306	337	228	295	36	87	172	344	54	60	165	142	178	122	76	82	168	340	72	327	160	226	322	220	304	229	219	278	216	274	267	334	300	147	44	17	102	205	197	49	175	140	210	273	107	293
23	55	4	2	42	15	93	190	261	194	96	133	134	234	123	253	135	240	126	130	38	174	12	0	84	246	1	255	263	264	269	99	41	90	14	191	94	248	27	260	151	65	247	250	235	124	289	308	103	206	18	45	185	281	164	336	272	181	285	242	127	319	69	157	328	200	262	299	146	138	57	24	33	9	241	85	39	302	176	98	198	277	290	129	112	51	193	95	309	222	78	339	167	318	184	287	301	148	149	238	179	88	215	13	244	214	111	183	145	298	303	116	221	131	154	280	70	158	320	29	108	211	118	224	196	97	227	291	163	106	48	21	209	119	132	52	270	288	239	218	114	314	177	86	75	113	217	332	333	7	144	62	297	268	63	203	22	136	257	294	59	6	141	26	329	225	188	91	115	150	64	50	10	342	80	34	170	3	201	265	79	323	100	259	305	254	258	266	243	128	180	89	40	251	232	53	121	46	19	104	207	186	56	137	284	282	307	286	313	223	117	182	249	195	331	236	125	231	66	139	292	58	25	5	310	152	279	192	74	162	77	8	338	32	166	120	317	68	156	109	212	28	161	73	275	252	202	230	187	271	321	159	71	30	326	325	283	276	330	11	83	37	345	173	324	311	153	60	122	295	178	165	306	256	142	233	337	76	228	87	54	226	245	229	267	273	274	278	293	35	82	20	296	17	16	220	304	312	315	316	322	327	335	340	341	343	36	172	219	175	72	140	143	67	105	155	160	61	168	169	216	171	344	189	197	102	199	47	204	205	101	44	92	43	208	81	213	110	334	300	147	107	49	237	210	31
23	55	93	190	4	194	96	261	134	2	15	42	123	234	133	253	240	126	246	135	1	38	0	12	174	84	255	130	248	27	99	263	239	269	182	247	241	276	90	14	41	201	151	65	185	264	191	13	94	308	18	45	103	206	285	181	289	164	336	281	39	138	57	24	272	127	242	200	265	319	250	157	69	262	328	299	146	302	129	85	149	176	290	244	63	188	91	179	88	9	33	112	51	215	222	184	298	145	193	95	277	167	339	78	238	303	196	97	318	75	260	214	111	116	221	183	217	113	163	132	291	70	29	320	158	48	106	21	209	154	332	177	86	22	131	235	124	119	136	268	3	144	62	297	288	50	52	287	323	10	34	80	342	170	280	64	150	309	301	148	118	225	224	120	46	19	207	104	198	98	211	108	314	227	100	125	121	53	232	236	114	218	270	117	286	186	223	251	333	203	258	257	6	26	294	59	141	282	329	313	115	231	79	259	7	331	305	266	128	243	180	89	40	192	137	284	56	162	74	307	195	139	292	11	83	37	345	173	5	58	25	66	279	202	68	156	317	8	166	338	77	32	275	310	152	212	109	187	252	30	71	321	159	230	325	271	326	31	283	249	330	311	153	256	295	54	306	60	228	337	122	233	87	178	142	76	165	300	147	334	36	168	312	102	101	169	304	316	171	344	296	315	160	20	72	17	16	322	105	327	110	155	335	143	340	341	343	35	172	175	204	216	219	220	213	67	229	208	61	81	140	82	245	293	205	199	47	92	278	189	43	44	274	273	197	267	226	107	210	49	237	324	254	161	73	28
23	55	4	93	190	12	84	174	38	0	2	15	42	234	123	261	194	96	134	240	133	126	135	253	250	264	246	255	1	130	99	247	263	248	27	41	14	90	269	191	94	308	50	281	69	157	103	206	45	18	181	3	85	65	151	164	336	185	176	302	286	129	46	19	104	207	39	244	262	127	242	13	289	146	299	98	198	202	298	145	9	33	149	241	167	78	339	117	88	179	223	272	251	319	200	332	163	265	290	75	188	91	215	124	235	136	285	10	80	170	342	34	121	232	53	239	323	192	51	112	260	132	311	153	222	193	95	63	291	184	221	116	97	196	328	186	183	52	238	288	268	331	138	24	57	303	22	162	74	217	113	277	144	297	62	154	100	71	321	30	159	21	48	106	209	249	231	201	187	7	139	5	25	58	292	254	66	31	275	314	324	276	120	118	125	236	114	218	224	271	305	8	77	283	32	338	166	40	89	180	252	330	115	227	259	266	333	309	230	148	307	79	301	137	243	108	128	211	284	56	329	26	294	59	6	141	212	109	270	257	195	279	203	326	287	280	68	156	317	131	225	258	325	182	119	150	64	29	158	70	320	83	37	345	173	11	318	282	313	177	86	111	214	161	73	310	152	28	233	293	226	228	278	274	273	237	229	267	36	256	35	245	295	306	296	322	343	341	340	337	335	334	327	316	300	315	312	16	17	219	304	20	220	92	216	142	67	165	160	155	72	147	76	143	140	43	122	81	82	110	107	87	105	102	168	169	171	344	44	101	213	47	210	49	208	205	204	199	54	197	189	178	175	60	61	172
23	55	93	190	4	261	234	123	2	42	15	194	96	134	84	0	12	174	38	133	253	126	240	246	250	264	135	1	130	247	255	263	27	248	99	269	90	41	14	191	94	265	260	235	124	285	98	198	24	57	138	103	18	45	206	308	65	151	127	242	281	181	50	157	69	85	223	3	117	202	176	145	298	215	19	104	46	207	39	164	336	129	244	319	262	328	302	185	33	9	112	51	78	339	167	286	88	179	251	323	196	97	13	113	217	186	184	303	146	299	290	192	10	80	170	342	34	222	289	268	332	238	111	214	177	86	163	132	313	277	282	318	149	153	311	200	75	241	272	291	21	209	106	48	100	29	320	158	70	144	62	297	150	64	7	119	154	136	95	193	201	325	258	232	121	53	183	225	131	91	188	116	221	288	162	74	249	331	63	30	159	71	321	276	239	187	22	52	254	68	156	317	280	287	11	83	37	345	173	231	31	139	25	292	58	5	73	161	326	118	224	314	114	218	324	66	28	203	212	329	109	230	79	89	32	77	40	252	257	270	271	294	59	56	284	211	243	26	279	180	141	108	338	137	6	166	8	128	195	330	148	301	333	307	309	266	259	115	227	283	305	182	310	152	120	275	125	236	17	312	322	327	293	47	315	340	44	343	49	341	296	43	337	295	335	300	334	16	316	304	36	35	306	20	147	278	178	105	208	107	110	205	204	199	197	189	122	175	102	344	171	169	168	165	160	140	142	143	155	210	101	54	237	274	60	61	273	267	67	256	72	245	76	81	213	82	233	87	229	228	92	226	220	219	216	172
55	23	93	190	4	261	2	15	42	194	96	134	123	234	133	253	240	135	126	246	38	12	0	84	174	1	130	255	99	248	264	269	263	27	41	14	90	247	151	65	239	185	241	308	206	103	18	45	250	289	181	281	13	164	336	191	127	242	94	39	319	272	69	157	200	262	328	85	129	182	176	201	302	146	299	244	88	179	33	9	290	112	51	95	193	215	149	184	222	339	78	167	277	238	24	57	138	303	298	145	265	276	318	285	111	214	196	97	188	91	113	217	63	183	235	124	320	29	70	158	163	75	132	209	21	48	106	260	154	221	116	86	177	291	332	131	52	119	98	198	22	268	251	297	144	62	50	136	287	3	288	323	10	80	170	342	34	64	150	280	309	225	148	301	118	224	104	19	46	207	211	108	314	100	227	114	218	186	270	286	117	223	53	232	121	333	258	203	282	313	257	6	294	26	59	141	329	115	7	79	259	120	305	331	324	310	152	66	266	243	128	180	40	89	192	125	236	56	137	284	275	307	162	74	195	292	139	5	25	58	249	202	279	317	68	156	338	32	166	77	8	31	109	212	11	83	37	345	173	73	161	187	252	28	321	71	159	30	230	325	271	326	231	283	330	311	153	245	213	197	110	107	49	210	216	219	229	327	322	72	160	204	16	341	43	101	199	169	267	237	274	312	147	300	334	36	172	82	344	295	178	337	122	142	87	165	306	304	76	228	233	60	54	20	105	208	47	315	296	61	143	175	335	256	44	343	81	35	17	205	171	102	316	155	278	293	273	226	67	140	168	92	340	189	220	254
23	55	93	190	4	134	194	96	261	2	15	42	123	234	133	240	253	126	135	246	12	38	0	84	174	1	255	130	263	99	248	264	27	239	269	191	241	94	151	65	247	185	14	90	41	182	308	18	45	103	206	289	13	181	201	39	250	272	281	200	276	164	336	127	242	124	235	85	69	157	302	328	129	262	319	176	285	290	149	244	33	9	88	179	51	112	215	146	299	184	222	277	238	63	198	98	303	265	91	188	339	167	78	138	57	24	318	95	193	196	97	214	111	145	298	183	221	116	75	113	217	70	29	320	158	163	132	48	106	209	21	22	154	177	86	131	332	119	291	268	52	136	287	62	144	297	288	323	280	10	309	170	342	34	80	50	64	150	148	301	260	3	118	224	225	108	211	314	227	46	104	207	19	120	114	218	270	100	333	121	232	53	203	186	286	117	223	258	257	59	141	26	6	294	329	282	115	313	251	324	79	231	259	305	331	266	243	128	89	180	40	249	66	152	310	7	284	56	137	192	307	162	74	195	292	139	25	58	5	275	279	202	68	156	317	32	166	338	8	77	109	212	11	37	83	345	173	252	187	71	321	159	30	28	230	254	325	271	326	283	330	311	153	16	43	204	101	210	49	107	110	343	245	171	35	213	226	81	304	92	300	189	334	147	274	219	229	216	160	237	322	327	168	72	340	175	306	295	122	278	142	337	76	87	228	233	60	178	54	165	220	155	316	67	102	44	205	17	140	293	273	199	312	197	105	169	341	344	20	172	208	47	82	36	267	256	315	61	296	143	335	236	125	31	161	73
23	55	4	2	42	15	190	93	261	194	96	133	134	123	234	240	126	253	135	174	84	38	0	12	130	246	255	308	281	1	263	264	45	206	103	18	65	151	336	164	248	185	69	157	129	99	127	242	269	244	176	85	181	262	90	14	41	39	191	319	88	179	94	299	146	27	289	13	95	193	250	145	298	241	9	33	302	78	339	167	328	272	247	251	260	50	200	222	215	184	52	31	112	51	3	149	324	290	22	332	163	73	161	132	238	207	46	19	104	201	97	196	75	303	291	239	285	183	124	235	286	277	80	342	34	170	10	276	265	323	217	113	188	91	116	221	117	223	136	268	254	236	154	63	125	186	288	98	198	48	106	21	209	297	62	144	121	232	53	275	192	182	100	309	318	287	301	148	202	66	214	111	131	331	280	29	320	70	158	231	108	211	227	119	270	162	74	86	177	333	224	24	57	138	203	118	257	26	141	294	59	6	329	225	218	114	115	150	64	37	11	83	345	173	28	71	30	321	159	79	187	311	153	139	292	5	58	25	47	36	82	208	197	105	172	20	169	341	344	267	256	335	273	293	140	216	219	229	340	322	160	237	327	72	168	92	147	300	304	189	334	199	175	205	17	44	102	315	61	143	296	316	155	67	49	107	210	245	226	171	35	213	343	81	110	312	16	204	43	101	274	142	295	306	76	233	337	278	220	87	165	122	60	178	54	228	259	330	305	7	283	152	310	258	325	249	266	326	243	128	89	40	180	271	314	230	252	137	284	56	282	307	313	109	212	156	317	68	195	8	338	166	32	77	279	120
23	55	190	93	4	261	194	96	134	2	42	15	234	123	240	253	133	126	246	130	248	135	1	38	84	174	0	12	255	239	182	269	241	27	276	65	151	201	185	247	263	308	41	90	14	181	99	289	13	45	18	206	103	265	260	191	39	272	94	281	285	200	127	242	164	336	302	149	63	290	69	157	188	91	319	33	9	193	95	264	262	328	112	51	215	57	24	138	85	250	176	146	299	167	78	339	145	298	129	184	251	222	97	196	318	277	111	214	244	75	88	179	303	50	221	116	136	238	177	86	163	29	320	70	158	125	154	113	217	268	236	132	3	254	119	323	288	332	291	120	22	131	106	48	209	21	144	297	62	10	80	342	170	34	124	235	64	150	52	183	117	19	104	207	46	223	53	232	121	100	225	186	282	313	73	161	231	286	258	287	280	11	37	83	345	173	331	192	324	118	162	74	224	31	202	275	314	139	292	25	5	58	317	68	156	325	187	218	114	30	321	159	71	203	326	311	153	101	109	43	204	16	212	195	107	32	77	338	210	49	166	8	213	343	245	171	35	110	81	226	59	56	294	284	72	243	79	237	160	26	229	128	141	327	211	216	6	219	340	168	108	322	137	316	155	67	147	309	300	334	189	304	92	307	259	143	296	315	61	140	89	305	273	180	293	271	40	333	312	330	279	274	256	20	36	341	329	47	172	105	283	169	197	82	344	208	301	337	115	220	306	228	233	178	122	87	142	76	278	148	60	54	295	165	199	335	257	205	102	17	44	266	270	252	267	230	227	175	7	66	28	249	310	152	98	198
23	55	93	190	4	194	96	134	240	261	2	15	42	234	123	135	253	126	255	239	99	133	38	84	0	12	174	248	246	241	130	263	13	1	185	39	27	129	45	103	18	206	244	41	14	90	151	65	281	336	164	308	269	201	179	88	200	176	85	264	242	127	157	69	247	191	262	94	149	272	319	289	299	146	188	91	328	181	285	193	95	276	182	63	290	250	52	302	222	238	198	98	184	22	75	145	298	265	33	9	339	167	78	303	183	251	112	215	51	221	116	277	124	235	332	163	132	260	50	3	97	196	113	217	291	254	323	207	104	19	46	136	286	170	342	34	80	10	324	209	106	48	21	232	121	53	154	268	31	117	223	62	144	297	288	186	138	57	24	66	100	231	7	161	73	331	192	275	202	74	162	314	37	83	345	173	11	152	310	249	292	139	120	5	58	25	118	114	218	71	30	321	159	224	187	236	28	125	311	153	230	283	212	329	227	109	271	158	307	105	47	20	70	320	259	208	29	131	335	282	256	115	226	278	155	316	220	67	72	169	327	245	322	273	229	107	257	219	110	213	49	111	140	160	210	293	197	214	341	216	333	266	168	189	6	79	340	92	26	141	294	243	128	59	44	56	284	171	102	137	17	343	195	199	81	205	313	35	270	326	325	274	305	150	180	40	175	89	280	279	287	64	330	108	312	237	211	156	315	68	296	317	143	119	61	203	304	8	338	32	16	267	101	86	43	166	177	204	225	77	258	344	147	334	309	36	172	300	318	82	295	306	301	165	178	148	337	87	54	60	122	228	233	76	142	252
23	55	4	42	15	2	93	190	261	133	194	96	134	234	123	253	126	240	12	84	0	38	174	246	135	130	1	255	264	263	90	14	41	269	191	94	99	248	247	151	65	45	103	18	206	250	308	281	336	164	242	127	185	328	319	260	129	262	27	289	244	69	157	85	176	88	179	39	181	299	146	235	124	13	238	184	303	200	222	277	272	318	214	111	112	51	285	193	95	215	9	33	302	298	145	167	78	339	24	138	57	290	241	217	113	29	320	70	158	183	97	196	177	86	106	48	209	21	149	132	131	119	154	52	163	291	332	201	75	221	116	287	22	268	98	198	297	62	144	64	150	280	265	3	10	80	34	342	170	239	225	309	323	50	148	301	118	224	288	136	7	211	108	314	251	227	19	46	104	207	218	114	100	91	188	270	63	276	186	333	258	286	203	282	313	117	257	223	141	294	6	59	26	329	115	53	121	232	231	310	152	79	66	249	259	305	266	243	128	89	180	40	331	192	56	137	284	307	254	236	125	182	195	292	139	162	74	5	25	58	28	275	279	68	156	317	324	202	166	338	8	32	77	212	109	120	187	252	30	321	159	71	230	325	271	11	83	37	345	173	326	31	312	237	87	142	60	165	228	233	178	295	54	306	76	122	337	102	343	35	81	17	44	171	205	341	169	204	267	16	43	101	304	20	105	47	208	172	82	344	334	36	147	300	293	107	140	110	245	273	213	197	210	49	175	274	340	189	92	168	155	226	278	220	67	316	327	322	160	72	216	219	229	199	256	335	315	296	143	61	161	73	283	153	311	330
55	23	93	190	123	234	261	4	194	96	134	2	42	15	0	174	38	12	84	253	240	126	133	246	250	130	1	247	248	135	27	255	269	264	265	239	41	14	90	182	241	263	285	276	191	91	188	63	201	94	181	99	151	65	260	24	57	138	11	173	83	37	345	185	13	302	308	149	39	289	290	272	9	33	45	206	103	18	136	50	215	281	200	127	242	3	51	112	117	164	336	223	145	298	167	78	339	69	157	319	53	232	121	202	75	323	196	97	104	207	46	19	262	85	299	146	288	176	192	163	116	221	328	268	10	342	34	80	170	193	95	184	286	222	186	162	74	132	100	331	129	332	235	124	291	277	251	154	125	144	62	297	236	214	111	86	177	313	282	113	217	318	244	303	158	320	29	70	179	88	64	150	119	238	325	258	48	209	106	21	225	131	153	311	120	183	249	22	28	30	71	159	321	317	68	156	187	254	7	280	287	25	139	58	5	292	231	118	224	326	52	314	218	114	203	271	305	266	230	115	227	259	6	59	26	141	294	330	270	307	79	148	301	180	252	40	89	32	166	338	77	8	283	279	333	309	329	195	257	212	109	56	128	243	284	137	211	108	198	98	152	310	31	275	161	73	66	324	36	35	229	228	233	226	300	43	44	122	293	237	245	343	278	341	274	273	340	267	337	16	17	256	20	219	335	295	296	334	220	204	47	101	87	171	169	322	92	168	165	160	155	102	216	105	147	107	110	143	142	140	312	315	344	175	82	81	49	213	210	54	208	205	316	60	61	327	199	67	197	304	189	72	306	76	178	172
23	55	4	93	190	2	15	42	261	194	96	133	134	123	234	253	135	126	174	12	84	0	38	1	246	240	130	264	255	263	269	99	90	14	41	191	94	248	247	250	27	235	124	65	151	18	45	206	103	164	336	308	281	328	127	242	129	244	88	179	319	262	85	176	289	185	157	69	238	260	303	24	138	57	318	299	146	39	277	181	111	214	184	222	285	200	112	51	98	198	272	215	183	70	158	320	29	113	217	95	193	13	9	33	209	48	21	106	78	339	167	302	177	86	145	298	97	196	290	131	119	154	132	7	163	287	291	149	332	52	280	75	241	62	297	144	268	116	221	64	150	309	301	148	251	225	22	118	224	170	80	34	342	10	265	211	108	323	3	227	314	288	114	218	50	136	270	333	203	100	258	257	141	26	6	59	294	207	46	104	19	282	329	186	313	115	286	201	223	117	182	79	231	63	188	91	121	53	232	259	305	66	266	243	128	40	180	89	249	310	152	56	137	284	73	161	307	331	254	192	195	239	31	139	292	58	5	25	162	74	28	279	68	156	317	77	8	32	338	166	202	109	212	120	125	236	275	252	187	30	71	321	159	230	325	271	326	324	283	330	311	153	37	11	345	83	173	278	122	220	54	233	165	274	60	295	228	142	178	306	87	76	337	335	44	17	205	102	140	273	256	293	175	216	219	36	208	229	20	322	327	341	82	172	105	72	160	169	197	47	344	267	171	81	35	199	343	312	43	101	110	92	304	16	204	245	213	189	334	300	147	61	316	315	296	67	143	155	237	168	107	49	226	340	210	276
23	55	93	190	261	4	2	42	15	194	96	134	234	123	253	133	240	126	246	130	174	38	12	84	0	1	255	135	248	27	269	263	264	14	41	90	239	260	247	65	151	241	185	99	308	181	103	18	45	206	191	289	94	13	281	250	39	272	285	336	164	127	242	200	157	69	319	302	262	85	328	176	290	9	33	149	129	146	299	112	51	95	193	24	57	138	215	244	265	88	179	201	78	339	167	184	222	63	277	124	235	298	145	238	91	188	303	196	97	318	214	111	75	163	276	116	221	183	217	113	132	158	320	70	29	154	209	106	48	21	332	291	177	86	251	131	136	119	268	22	288	50	52	297	144	62	3	287	323	10	34	170	342	80	280	98	198	150	64	309	148	301	225	118	7	224	46	19	104	207	211	108	314	100	227	121	232	53	218	114	182	117	270	223	186	286	333	203	258	125	282	236	257	141	26	294	6	59	313	329	115	31	79	331	259	305	266	243	128	40	180	89	192	56	284	137	74	162	307	231	73	161	195	66	139	292	275	25	5	58	202	310	152	279	68	156	317	338	8	166	32	77	109	212	324	249	254	187	252	11	83	37	345	173	71	159	321	30	230	325	271	326	28	283	330	311	153	61	155	296	143	67	316	315	300	334	147	204	189	245	213	101	92	43	304	16	110	237	210	340	49	107	226	168	295	306	233	274	337	228	278	220	165	60	87	122	54	142	76	178	312	102	335	17	44	205	172	219	105	327	208	322	82	229	36	197	341	160	72	20	47	169	344	216	256	140	293	175	273	343	199	81	171	35	267	120
93	190	23	55	261	4	123	234	194	96	134	2	42	15	0	84	174	38	12	133	253	240	126	246	135	1	130	250	247	27	248	264	255	14	90	41	269	182	265	263	99	24	138	57	285	94	191	181	151	65	260	308	50	201	281	242	127	18	45	103	206	3	185	145	298	117	164	336	223	69	157	276	33	9	302	215	319	39	104	207	19	46	13	241	202	339	167	78	262	290	51	112	328	85	289	176	196	97	323	149	235	124	299	146	184	192	186	10	286	342	34	80	170	129	188	91	222	268	239	11	272	37	83	173	345	98	198	214	111	86	177	132	313	277	282	318	217	113	63	136	200	244	163	100	303	332	251	75	29	70	158	320	88	179	291	64	150	119	154	144	297	62	238	53	121	232	325	95	193	258	21	209	106	48	74	162	116	221	225	131	153	311	288	249	7	331	183	125	236	159	71	30	321	254	156	68	317	187	280	287	22	139	292	58	5	25	31	326	28	120	118	52	224	314	218	114	161	73	203	329	56	137	148	284	211	227	108	243	330	128	301	307	79	230	338	309	212	32	109	8	195	257	283	77	333	279	166	305	115	270	59	6	294	259	26	141	266	40	180	89	252	271	324	275	152	310	231	66	47	343	341	316	54	340	315	337	335	334	43	16	17	327	312	36	20	35	49	44	322	220	110	60	233	160	256	165	168	169	171	344	175	245	178	237	189	147	229	228	197	199	226	204	205	208	210	213	216	155	267	61	295	67	306	72	76	304	81	82	300	87	296	92	293	143	101	102	105	107	219	122	278	274	273	140	142	172
23	55	4	2	15	42	190	93	261	133	194	96	134	234	123	135	253	126	174	12	38	84	0	240	1	255	246	99	263	130	264	41	14	90	269	191	94	248	124	235	247	250	27	260	18	103	206	45	98	198	65	151	328	336	164	129	281	242	127	308	319	244	88	179	262	176	85	157	69	238	289	185	303	277	285	184	182	299	146	318	222	214	111	24	138	57	39	181	112	51	7	200	183	320	29	70	158	272	215	217	113	145	298	209	106	21	48	9	33	167	78	339	177	86	131	97	196	302	119	132	290	154	193	95	13	287	291	163	332	280	52	149	116	221	309	268	62	144	297	150	64	148	301	251	75	225	118	224	241	34	342	80	170	10	108	211	22	227	314	323	3	288	218	114	270	333	50	136	203	231	104	46	207	19	100	265	258	257	26	141	59	6	294	186	329	282	115	286	313	223	117	79	63	259	91	188	305	161	73	249	232	121	53	276	125	266	66	236	128	243	40	89	180	310	152	137	284	56	120	31	307	331	192	195	254	139	292	58	5	25	74	162	279	324	156	68	317	77	32	166	338	8	28	201	202	109	212	252	187	275	230	71	30	321	159	325	271	326	239	283	330	311	153	175	81	171	335	220	343	35	44	17	293	273	256	102	140	205	304	274	110	213	245	160	327	72	322	216	219	229	208	155	67	20	316	226	105	47	278	36	172	82	344	49	210	197	107	16	43	204	101	340	168	189	92	169	341	199	267	237	233	228	295	337	306	178	142	122	87	54	60	165	76	334	147	300	312	296	143	61	315	173	37	11	83	345
23	55	93	190	4	261	194	96	134	2	15	42	234	123	253	240	126	133	246	130	1	182	135	38	0	84	12	174	248	255	27	239	276	269	247	241	201	263	151	65	185	265	181	13	289	308	99	206	45	18	103	41	90	14	24	138	57	39	285	272	200	281	302	127	242	191	149	63	290	164	336	69	157	188	91	94	85	95	193	9	33	176	319	51	112	215	262	260	129	244	264	328	179	88	250	146	299	339	167	78	238	303	196	97	145	298	75	184	222	163	277	125	236	318	136	120	214	111	113	217	221	116	50	332	183	323	154	22	86	177	21	48	106	209	70	29	158	320	251	268	288	291	132	3	254	119	231	297	62	144	10	131	34	170	342	80	52	53	121	232	117	223	150	64	104	19	46	207	100	286	186	225	124	235	282	313	11	83	37	345	173	258	324	287	331	280	192	162	74	118	73	161	202	224	314	292	139	58	25	5	275	156	68	317	218	114	325	187	30	71	159	321	203	326	311	153	67	155	316	270	274	330	205	17	102	44	61	296	315	143	309	312	300	147	334	60	54	87	295	233	165	76	115	148	301	178	122	220	142	228	306	337	227	175	230	189	92	195	304	279	278	266	256	329	20	36	47	341	283	82	172	197	105	169	208	344	333	140	180	305	293	89	271	273	40	257	335	204	101	43	16	199	267	252	32	8	338	77	166	35	81	245	171	210	212	213	107	226	343	49	110	109	340	160	168	137	6	72	284	141	327	59	108	322	216	56	294	26	128	229	219	243	79	211	237	307	259	7	66	249	28	310	152	198	98	31
23	55	190	93	261	4	194	96	2	42	15	134	234	123	253	240	133	126	246	130	135	248	276	27	255	0	84	38	174	12	239	182	241	263	185	1	201	65	151	99	206	103	18	45	129	308	244	281	39	13	85	176	336	164	247	88	179	157	69	285	242	127	260	181	262	289	193	95	272	188	91	63	299	146	319	269	200	302	328	265	298	145	149	41	90	14	33	9	339	167	78	94	215	191	222	112	51	184	238	290	125	236	22	303	183	52	163	332	75	235	124	50	3	132	264	196	97	250	57	138	24	277	217	113	291	323	116	221	104	46	19	207	286	254	10	170	80	342	34	136	106	48	21	209	120	251	117	268	154	223	288	53	232	121	144	62	297	186	324	231	31	161	73	100	331	192	98	198	11	37	173	83	345	74	162	275	202	314	139	292	25	58	5	118	218	114	66	71	159	321	30	224	187	249	225	329	115	64	150	141	59	294	26	6	257	203	79	333	86	177	270	259	305	119	258	266	243	128	40	89	180	227	211	108	320	70	158	29	280	284	56	137	282	307	131	313	195	111	214	279	311	153	301	148	287	318	77	32	8	338	166	309	156	317	68	212	109	252	230	271	326	325	283	330	143	61	315	296	49	171	210	343	226	35	245	213	81	110	107	304	189	92	140	293	273	316	67	155	335	267	274	278	175	54	87	337	220	122	228	233	295	142	306	76	60	178	165	44	256	17	312	147	334	205	300	102	20	341	344	172	169	47	82	197	105	208	36	199	219	168	340	160	216	229	237	327	72	322	204	16	101	43	28	152	310	7
23	55	4	2	15	42	93	190	261	194	96	133	134	234	123	253	240	126	38	12	0	84	174	246	135	130	1	264	255	263	269	41	14	90	191	248	151	65	94	99	308	206	18	45	103	250	185	281	181	164	336	289	242	127	247	69	157	319	39	241	328	262	129	13	85	176	272	244	200	302	179	88	299	146	9	33	235	124	27	51	112	239	215	193	95	184	290	222	339	78	167	260	298	145	277	303	238	201	149	318	214	111	97	196	285	113	217	320	70	29	158	132	163	52	183	86	177	209	106	48	21	22	154	332	276	291	75	24	57	138	119	116	221	265	131	268	50	98	198	3	91	188	144	62	297	63	136	323	10	80	170	34	342	251	288	150	64	182	287	225	19	46	207	104	280	324	100	286	118	186	117	224	223	309	31	301	148	282	258	314	313	53	121	232	211	108	227	218	114	73	161	270	333	203	152	310	66	249	257	141	59	6	294	26	329	115	7	331	192	79	120	259	275	305	266	128	243	180	89	40	162	74	28	284	137	56	307	202	125	292	139	236	58	5	25	231	195	68	317	156	279	254	166	8	77	338	32	109	212	11	37	83	345	173	187	172	36	197	208	47	169	82	344	20	105	341	267	295	228	306	54	337	60	178	233	220	76	142	122	87	165	256	278	175	101	204	16	43	155	67	316	274	17	44	205	102	335	237	229	322	168	327	219	216	72	160	340	293	273	140	199	226	343	107	210	171	35	213	245	81	49	110	304	92	189	61	315	143	296	300	312	147	334	153	311	330	71	30	159	321	252	325	283	230	271	326
23	55	4	2	42	15	190	93	261	133	194	96	134	123	234	253	246	0	38	12	174	84	126	1	240	130	269	135	255	264	14	90	41	263	191	94	248	247	99	250	260	285	328	45	103	18	206	164	336	57	138	24	129	281	242	127	244	319	27	88	179	151	65	308	262	235	124	176	85	238	303	69	157	277	318	184	299	146	222	289	111	214	7	183	29	70	158	320	39	51	112	185	217	113	95	193	200	209	106	21	48	181	215	177	86	145	298	131	78	339	167	119	97	196	9	33	272	132	154	302	287	290	291	332	163	52	13	280	182	309	148	301	297	62	144	268	150	64	116	221	149	118	75	224	225	22	108	211	170	34	80	342	10	227	314	265	114	218	3	323	270	251	239	288	333	203	50	257	136	207	46	104	19	26	59	294	6	141	258	100	98	198	329	186	115	282	286	313	231	249	79	223	117	201	236	125	259	305	266	243	128	121	232	53	66	89	40	180	310	152	254	241	137	56	284	307	31	331	195	192	276	120	292	139	5	58	25	324	279	28	73	161	162	74	68	156	317	77	338	166	8	32	109	212	202	275	252	187	188	91	63	230	30	321	159	71	325	271	326	283	83	37	345	173	11	330	311	153	341	92	312	267	189	169	82	304	36	344	172	237	340	335	168	175	208	47	44	17	16	67	105	316	20	102	205	101	43	256	155	204	147	300	334	295	306	76	337	87	233	228	199	165	60	142	54	178	122	35	343	61	143	171	140	315	197	107	49	81	274	220	245	110	273	210	293	213	296	278	226	327	216	219	229	160	72	322
23	55	93	190	4	261	2	15	42	194	96	134	253	240	123	234	133	126	246	130	135	248	255	174	84	38	0	12	1	263	27	269	99	185	90	14	41	151	65	103	206	45	18	308	281	336	164	129	191	264	94	247	260	244	241	242	127	239	157	69	13	39	285	85	176	179	88	262	289	181	319	276	146	299	201	95	193	200	272	328	250	182	302	251	265	24	138	57	298	145	9	33	339	78	167	149	222	184	238	215	112	51	290	235	124	303	183	52	91	188	163	277	50	332	75	22	132	3	97	196	63	291	221	116	217	113	19	46	104	207	10	170	342	80	34	323	136	286	236	125	209	48	106	21	154	254	268	288	117	223	62	144	297	53	232	121	7	186	98	198	100	192	331	202	162	74	314	11	83	37	173	345	31	324	275	118	292	139	58	5	25	218	114	224	71	321	30	159	187	311	153	237	211	108	252	228	306	60	295	233	54	301	178	330	199	142	165	76	122	337	148	87	77	225	267	266	92	86	341	312	177	32	169	338	326	166	189	8	283	271	344	284	329	82	325	36	56	304	172	230	137	227	158	195	47	16	17	155	20	208	320	70	67	29	131	105	204	214	205	316	256	307	270	44	111	102	101	259	258	257	43	340	294	243	59	26	141	128	313	168	79	6	335	318	334	300	147	309	175	35	322	315	203	317	150	40	197	156	327	333	160	180	171	343	143	107	282	274	226	280	279	81	278	119	229	220	273	89	115	110	109	245	305	296	61	212	72	219	68	287	49	140	64	293	210	216	213	66	73	161	249	120	231	28	152	310
55	23	4	190	93	42	15	2	261	194	96	133	134	123	234	135	253	240	126	174	84	12	38	0	1	246	255	130	264	99	41	14	90	263	269	248	191	94	247	250	27	65	151	103	206	18	45	308	281	164	336	185	260	127	242	328	244	129	235	124	289	319	179	88	39	85	176	262	157	69	181	238	303	200	13	299	146	318	285	272	277	214	111	184	222	112	51	215	138	24	57	302	241	193	95	290	33	9	183	217	113	70	29	320	158	339	167	78	198	98	145	298	48	21	209	106	149	86	177	196	97	131	119	154	163	132	291	332	7	287	52	75	221	116	239	144	62	297	268	280	22	150	64	309	251	148	301	225	118	224	182	323	10	170	342	34	80	265	288	3	108	211	136	314	227	50	218	114	270	63	188	91	333	100	203	201	258	257	207	104	46	19	6	141	26	294	59	282	186	329	313	286	115	231	223	117	232	121	53	79	259	66	305	266	128	243	40	89	180	310	152	249	331	284	56	137	307	192	195	254	139	292	58	5	25	74	162	28	279	120	317	156	68	8	77	32	166	338	202	161	73	275	212	109	187	252	30	71	321	159	230	325	271	326	125	236	283	324	330	311	153	147	300	334	312	61	296	143	315	49	343	35	245	171	340	213	304	210	107	110	199	81	267	226	237	168	175	220	256	44	233	274	278	228	295	306	76	54	205	17	60	165	142	335	122	102	337	87	178	16	20	172	36	293	273	229	219	216	208	204	197	189	322	344	169	160	155	140	105	101	92	327	82	72	67	47	43	341	316	11	173	37	83	345	276	31
93	190	23	55	4	134	194	96	123	234	261	240	84	38	0	174	12	2	42	15	126	133	253	135	246	250	1	264	130	255	248	27	247	263	99	94	191	239	269	182	241	265	181	91	188	151	65	185	308	50	63	13	302	90	41	14	281	39	69	157	149	103	206	45	18	289	285	9	33	198	98	3	276	201	336	164	272	127	242	290	85	117	176	104	207	46	19	223	262	145	298	260	200	136	202	78	339	167	215	286	146	299	129	319	75	112	51	53	121	232	235	124	244	323	163	10	88	179	342	34	170	80	192	332	196	97	251	221	116	222	328	11	173	37	83	345	132	184	288	186	291	268	74	162	193	95	311	153	57	138	24	331	277	238	217	113	100	303	183	297	144	62	154	22	52	106	209	48	21	249	120	321	71	159	30	254	187	111	214	177	86	313	282	318	320	158	70	29	150	64	119	231	139	5	25	58	292	325	258	28	225	131	324	275	314	156	317	68	118	280	7	224	287	326	218	114	203	236	212	109	283	305	271	279	329	270	166	77	32	338	8	243	294	128	26	284	56	141	108	59	137	6	211	195	257	79	252	301	148	307	309	333	115	227	259	230	266	330	180	89	40	66	125	31	73	161	310	152	315	220	316	43	44	189	226	219	205	36	35	343	341	340	210	337	335	334	16	17	327	20	204	213	199	216	197	322	47	67	49	312	92	165	160	101	102	245	208	105	155	107	110	278	147	256	143	142	122	274	273	267	140	293	295	87	344	228	54	229	178	60	61	175	306	233	171	237	72	304	76	169	81	82	300	168	296	172
23	55	4	93	190	2	42	15	261	194	96	134	133	135	123	234	253	126	240	84	174	38	12	0	255	99	1	246	263	130	264	41	14	90	269	191	94	248	247	151	65	235	124	27	308	45	103	18	206	250	185	98	198	289	281	181	336	164	242	127	319	328	272	39	241	69	157	262	13	200	85	129	176	318	299	146	302	112	51	33	9	111	214	290	277	215	184	260	244	88	179	222	238	303	239	339	78	167	149	29	320	70	158	145	298	196	97	138	57	24	177	86	193	95	131	119	113	217	154	209	48	106	21	285	183	132	163	221	116	287	291	75	268	332	297	144	62	280	52	64	150	63	309	225	301	148	288	265	136	91	188	118	251	224	22	50	10	80	342	170	34	3	323	7	211	108	227	201	314	218	114	270	100	333	236	125	203	258	282	257	19	46	207	104	141	59	6	26	294	313	329	186	115	117	223	232	121	53	286	79	182	259	305	266	243	128	66	40	89	180	310	152	331	231	137	284	56	249	307	192	195	139	292	58	5	25	74	162	254	279	317	68	156	73	161	8	77	32	166	338	275	202	28	109	212	252	187	230	321	71	30	159	325	271	326	283	276	330	311	153	334	147	300	226	237	228	54	60	165	337	306	233	178	87	122	142	256	295	76	17	44	35	36	43	47	20	16	172	61	278	205	208	213	216	219	220	229	245	267	273	274	293	199	296	304	312	315	316	322	327	335	340	341	343	67	204	197	101	102	105	92	110	82	140	143	155	160	168	169	81	171	344	72	175	189	107	210	49	120	31	324	11	83	37	173	345
93	190	23	55	261	123	234	194	96	2	42	15	134	4	253	84	174	0	38	12	240	27	246	133	126	130	247	250	1	248	255	263	269	285	135	24	57	138	41	90	14	265	264	260	182	239	276	241	191	201	94	63	11	37	173	83	345	91	188	181	151	65	13	185	302	99	149	39	289	272	290	308	136	9	33	18	45	206	103	215	200	232	121	53	51	112	117	223	75	323	242	127	202	116	221	50	46	104	19	207	125	281	288	236	85	164	336	167	78	339	3	97	196	157	69	145	298	163	262	286	176	162	74	319	299	146	331	7	235	124	10	129	34	80	170	342	193	95	222	184	132	328	332	192	186	268	244	291	179	88	277	100	311	153	251	62	144	297	154	217	113	238	303	183	209	48	21	106	321	30	71	159	25	5	292	58	139	187	118	314	224	28	114	218	270	258	266	230	318	111	109	212	79	309	214	333	115	305	26	131	32	141	287	6	166	59	8	283	77	259	203	294	257	195	279	338	225	119	68	89	156	317	180	40	313	280	252	271	282	325	177	284	56	108	227	326	243	128	211	86	137	148	301	330	70	64	329	320	150	158	307	29	198	98	22	249	254	324	120	31	66	161	73	310	152	231	52	275	343	341	296	49	278	340	295	337	47	16	36	17	274	44	43	273	20	335	293	334	267	35	189	322	54	208	316	315	140	142	143	216	147	213	155	210	160	205	60	165	204	168	169	171	344	312	175	178	199	197	219	220	226	122	61	256	327	67	72	76	300	81	82	245	87	92	304	237	306	101	102	233	105	107	110	229	228	172
23	55	4	2	15	42	190	93	261	133	194	96	134	234	123	253	246	126	38	12	0	174	84	240	130	135	1	264	255	269	90	14	41	263	191	94	248	99	250	247	151	65	18	103	206	45	336	164	281	260	242	127	328	308	129	319	244	185	262	179	88	235	124	176	85	69	157	289	299	146	39	238	285	303	184	277	222	138	57	24	181	318	27	111	214	200	272	112	51	95	193	13	215	298	145	33	9	339	78	167	217	113	302	29	70	320	158	183	290	196	97	177	86	21	48	106	209	131	132	119	149	154	291	163	52	332	241	287	75	221	116	268	297	144	62	64	150	280	201	22	265	225	309	7	170	34	342	80	10	3	301	148	323	118	224	98	198	50	251	288	108	211	314	136	227	104	207	46	19	114	218	270	100	333	258	186	203	286	282	313	257	26	294	141	6	59	117	223	329	231	115	276	188	91	63	121	232	53	249	79	152	310	66	259	305	266	243	128	239	180	40	89	236	125	331	192	56	137	284	307	195	292	139	25	5	58	254	74	162	28	279	68	317	156	275	120	202	77	8	338	32	166	109	212	187	252	30	321	71	159	230	325	182	73	161	271	31	11	83	37	345	173	326	283	324	330	311	153	175	274	226	293	140	273	220	278	67	155	316	17	44	256	335	102	205	16	204	267	43	169	101	341	61	143	296	315	168	189	340	92	36	172	300	147	334	82	344	304	312	199	295	306	337	87	54	233	122	228	142	165	60	178	76	237	171	35	343	81	105	20	47	208	216	160	322	219	72	327	229	107	245	110	197	49	210	213
23	55	93	190	4	261	194	96	2	15	42	134	126	133	234	123	253	240	135	246	130	1	0	84	12	174	38	255	248	263	239	99	264	241	27	151	65	185	247	308	269	181	18	45	103	206	289	41	14	90	13	191	39	281	94	272	164	336	201	260	242	127	200	69	157	182	302	319	265	250	95	193	262	251	85	149	328	276	290	176	33	9	129	112	51	215	299	146	63	188	91	244	179	88	78	167	339	145	298	184	222	57	138	24	277	196	97	303	238	285	198	98	75	163	318	214	111	50	113	217	221	116	124	235	132	52	22	136	332	3	154	291	268	183	177	86	323	320	70	158	29	106	209	21	48	288	10	342	80	170	34	119	297	62	144	207	104	19	46	131	324	117	254	223	31	150	64	286	53	232	121	186	100	225	282	313	161	73	258	287	120	331	192	280	275	162	74	118	202	224	66	314	11	83	37	345	173	139	292	5	25	58	310	152	156	68	317	218	114	325	187	71	321	30	159	203	326	311	153	59	216	26	211	141	284	219	340	229	72	237	243	294	108	79	137	327	322	160	168	6	56	128	274	334	147	309	300	155	148	301	87	233	76	306	60	178	337	228	316	122	220	142	165	295	115	54	67	171	81	343	35	143	296	61	315	267	252	230	278	227	47	36	283	20	329	307	341	172	344	82	197	259	105	208	169	226	199	256	335	257	312	271	205	44	17	266	102	270	330	180	89	305	40	333	175	140	293	273	279	195	110	245	212	213	204	101	92	16	189	109	43	49	8	166	107	338	32	210	77	304	7	231	125	249	236	28
55	23	4	42	15	2	190	93	261	194	96	133	134	123	234	135	253	12	174	38	0	84	240	255	126	1	246	99	269	130	264	263	41	90	14	191	94	248	247	182	151	65	250	18	206	45	103	27	308	235	124	260	289	328	281	164	336	127	242	318	319	185	111	214	179	88	244	129	238	262	181	303	85	176	39	69	157	277	200	158	29	70	320	146	299	272	112	51	184	57	138	24	222	285	86	177	131	215	7	119	290	9	33	183	217	113	302	209	48	106	21	13	95	193	78	339	167	287	97	196	98	198	154	145	298	149	280	309	241	163	301	148	291	132	64	150	332	52	221	116	297	62	144	224	118	225	268	75	211	108	227	22	314	288	218	114	270	333	136	10	251	34	80	170	342	203	323	257	294	141	6	26	59	258	3	329	265	100	50	115	282	313	63	79	186	231	276	188	91	259	46	207	104	19	305	286	254	223	121	53	232	266	117	243	128	66	89	180	40	152	310	249	239	201	56	284	137	307	331	195	192	139	292	5	25	58	120	279	28	162	74	156	68	317	338	8	77	166	32	125	161	73	236	109	212	31	275	202	252	324	187	230	30	159	321	71	325	271	326	283	330	37	345	83	173	11	311	153	300	147	334	226	199	304	322	237	160	168	327	229	72	340	219	216	107	49	210	267	189	245	43	213	92	101	16	110	204	335	81	35	171	343	274	273	175	293	140	256	20	341	82	208	172	344	36	47	197	105	169	312	143	61	296	315	278	102	17	44	205	316	76	122	142	67	87	337	220	155	306	228	165	295	54	178	233	60
23	55	4	93	190	2	42	15	261	194	96	134	133	123	234	135	240	253	126	12	174	38	0	84	246	1	130	255	264	263	99	269	90	41	14	248	191	94	27	247	65	151	250	103	206	45	18	308	124	235	336	164	281	185	242	127	328	319	289	129	262	69	157	244	85	176	88	179	181	39	146	299	260	272	238	285	184	277	303	222	200	98	198	318	112	51	111	214	302	215	241	9	33	13	167	78	339	298	145	290	95	193	183	113	217	70	29	320	158	196	97	209	106	21	48	24	138	57	86	177	149	131	132	154	119	163	291	332	52	287	116	221	75	268	22	297	62	144	280	150	64	309	201	301	148	265	7	225	10	170	34	80	342	3	239	118	224	323	50	288	136	63	251	211	108	188	91	227	314	218	114	270	207	19	104	46	333	100	203	258	186	257	286	59	6	26	141	294	282	329	313	115	223	117	53	121	232	79	249	259	276	66	305	310	152	266	243	128	40	89	180	331	56	284	137	231	192	307	195	254	292	139	5	58	25	74	162	28	279	275	68	317	156	125	236	77	8	166	32	338	202	161	73	109	212	252	187	30	321	159	71	230	182	325	271	31	326	324	283	11	83	37	345	173	330	311	153	343	35	81	171	82	341	20	36	47	197	344	169	208	172	105	199	226	334	300	147	267	213	92	101	110	16	189	43	245	204	210	107	49	229	168	219	322	327	340	160	237	216	72	335	274	256	304	312	293	140	175	273	278	44	102	17	205	296	61	143	315	54	155	122	316	87	142	337	228	306	178	76	295	165	67	233	220	60	120
23	55	4	190	93	2	42	15	261	194	96	134	133	123	234	135	240	253	126	38	0	12	174	84	246	255	1	130	99	263	41	14	90	248	264	191	94	269	260	235	124	247	285	27	250	57	138	24	185	151	65	103	206	18	45	241	328	308	164	336	281	127	242	239	319	289	318	129	262	111	214	272	277	179	88	244	157	69	238	85	184	176	303	39	222	98	198	200	181	299	146	320	29	158	70	13	51	112	7	177	86	131	215	119	9	33	290	113	217	183	21	106	209	48	302	196	97	78	339	167	298	145	287	154	201	149	132	63	280	291	91	188	163	276	116	221	309	193	95	150	64	148	301	332	268	297	144	62	75	265	225	118	224	211	108	227	52	314	10	288	34	170	342	80	218	114	323	270	333	136	203	3	257	258	141	59	6	26	294	100	50	329	282	22	115	31	313	207	104	19	46	186	73	161	79	182	286	117	223	259	305	121	232	53	249	251	266	128	243	40	180	89	284	137	56	231	307	331	195	66	324	192	139	292	58	5	25	74	162	279	317	156	68	77	338	8	166	32	152	310	109	212	202	252	187	230	159	321	30	71	325	271	326	11	83	37	345	173	283	120	330	275	311	153	267	205	17	44	102	312	237	204	343	208	47	213	43	35	245	16	256	341	335	316	189	20	296	315	199	92	110	169	101	105	61	155	143	171	67	81	304	300	220	229	160	278	72	147	226	274	219	216	322	327	334	140	293	107	197	273	175	49	210	54	228	178	337	60	82	344	87	122	306	233	76	36	142	295	165	172	168	340	254	125	236	28
23	55	4	93	190	2	42	15	261	194	96	134	133	234	123	135	240	253	126	12	174	0	38	84	1	246	255	130	264	99	263	90	14	41	269	248	191	94	250	151	65	247	18	103	206	45	27	308	281	185	336	164	242	127	289	235	124	319	328	181	129	157	69	262	260	85	176	39	244	241	179	88	146	299	272	13	200	98	198	184	222	238	277	303	112	51	302	33	9	215	318	290	111	214	339	78	167	298	145	193	95	285	239	196	97	113	217	149	183	320	70	158	29	106	48	209	21	86	177	132	154	163	131	119	291	138	24	57	251	332	52	182	116	221	75	268	287	22	144	62	297	7	188	91	63	150	64	280	3	265	50	10	170	80	34	342	323	309	136	225	288	301	148	118	224	211	108	314	207	46	104	19	227	201	218	114	100	270	186	333	286	258	203	282	223	117	231	313	257	294	59	6	26	141	329	115	232	53	121	79	66	259	249	305	152	310	266	243	128	180	40	89	331	192	137	284	56	125	236	307	195	139	292	74	162	58	5	25	28	275	254	120	279	317	68	156	202	77	32	338	166	8	109	212	31	276	187	324	252	159	30	321	71	230	73	161	325	271	326	283	330	311	153	300	334	147	17	44	102	205	54	60	36	172	344	295	165	142	178	122	306	76	337	87	228	82	233	273	197	49	175	140	293	210	107	274	216	278	219	220	226	229	72	304	322	160	327	267	168	340	343	341	335	16	316	296	315	312	20	245	256	35	237	169	101	105	61	110	143	155	213	171	47	67	43	189	199	204	81	208	92	83	345	173	37	11
55	23	4	190	93	2	42	15	261	194	96	133	134	123	234	253	126	240	135	130	12	0	38	174	84	246	1	255	263	264	269	248	90	41	14	99	191	94	151	65	247	308	27	103	45	206	18	289	185	250	281	164	336	181	242	127	319	272	157	69	262	299	146	328	129	85	200	176	39	244	88	179	95	193	260	302	33	9	285	235	124	13	51	112	222	57	24	138	290	238	184	167	78	339	277	241	215	149	145	298	183	303	201	182	52	116	221	309	97	196	163	318	287	148	301	154	291	132	21	209	48	106	332	111	214	22	75	113	217	131	280	158	320	70	29	118	211	108	224	288	227	276	119	297	62	144	268	314	136	98	198	114	218	270	265	177	86	50	333	3	239	10	203	170	342	34	80	257	6	141	59	294	26	63	329	225	323	188	91	115	64	150	100	19	46	207	104	79	259	286	121	232	53	251	305	254	186	7	258	266	243	128	180	89	40	117	223	324	284	56	137	66	282	152	310	307	249	331	313	195	292	139	58	5	25	192	74	162	279	338	8	77	32	166	28	275	317	68	156	212	109	31	73	161	236	125	231	202	252	230	187	30	159	71	321	271	11	37	83	345	173	120	326	87	142	233	256	54	178	295	60	165	306	228	337	122	76	49	210	107	237	273	267	341	322	245	274	229	35	36	343	278	340	316	335	293	327	296	20	220	17	16	312	315	304	213	219	171	101	82	81	102	105	110	140	72	143	67	155	160	169	61	168	344	199	216	92	43	44	208	47	205	204	197	189	175	172	226	147	300	334	325	153	311	330	283
23	55	4	190	93	2	42	15	261	194	96	134	133	123	234	135	253	126	1	240	38	174	12	0	84	246	255	130	263	99	264	269	14	41	90	191	94	248	247	27	250	235	124	65	151	45	103	206	18	308	164	336	185	281	328	127	242	129	244	319	88	179	289	98	198	24	138	57	85	39	176	285	262	238	69	157	260	13	303	200	146	299	181	318	272	277	111	214	184	222	241	112	51	215	183	302	320	29	158	70	217	113	290	9	33	106	48	209	21	78	167	339	95	193	298	145	177	86	97	196	131	119	149	7	154	239	132	163	287	291	332	75	116	221	280	52	309	62	297	144	268	148	301	150	64	22	265	225	118	224	108	211	323	10	80	34	170	342	227	288	314	3	251	136	218	114	63	270	188	91	333	50	203	201	100	257	258	141	59	26	6	294	329	46	19	104	207	282	115	186	313	286	182	79	121	232	53	223	117	259	305	266	128	243	180	40	89	66	73	161	231	56	284	137	331	310	152	307	249	192	195	125	236	292	139	254	5	25	58	31	162	74	279	156	68	317	338	166	8	77	32	28	202	109	212	275	252	187	324	230	30	71	159	321	325	271	326	120	283	276	330	311	153	17	67	35	20	61	43	44	16	47	36	172	72	189	199	204	205	213	216	219	220	229	245	267	273	274	278	293	296	304	312	315	316	322	327	335	340	341	343	197	208	143	168	110	155	105	102	160	140	92	101	169	82	171	344	81	175	87	337	306	60	295	122	178	142	54	256	76	233	165	228	147	300	334	226	49	107	210	237	11	83	37	173	345
190	93	23	55	261	240	234	123	253	194	96	126	134	2	15	42	27	4	246	248	130	265	133	84	38	12	174	0	254	182	247	104	19	207	46	173	37	83	345	11	164	336	116	221	236	145	298	125	201	50	25	58	5	292	139	250	132	276	285	3	281	1	146	299	260	222	74	162	170	34	342	80	10	33	9	255	331	319	184	127	242	262	117	288	188	91	339	78	167	272	135	289	223	308	157	69	192	269	185	181	286	263	302	66	291	28	277	186	136	63	268	57	24	138	149	231	94	251	191	328	239	290	202	120	151	65	241	196	97	103	18	45	206	100	232	53	121	193	95	13	90	41	14	215	112	51	163	200	244	332	179	88	183	114	218	153	311	314	71	30	321	159	187	238	154	303	209	106	21	48	75	323	73	161	113	217	62	144	297	176	287	29	70	320	158	131	150	64	203	177	313	225	86	111	325	214	318	280	282	258	119	326	68	317	156	198	98	85	275	129	264	22	124	235	118	99	39	310	152	31	249	52	7	324	224	81	82	77	47	8	32	6	343	333	26	67	79	330	341	340	43	44	56	59	338	35	60	36	335	61	20	76	40	72	337	54	17	334	16	49	306	87	230	309	252	312	245	243	237	315	233	229	210	228	227	226	220	219	216	213	212	256	257	259	307	304	301	300	296	295	294	293	284	283	279	278	274	273	271	270	267	266	211	208	89	110	142	141	140	137	322	128	122	115	109	316	108	107	105	327	102	101	329	92	143	147	148	305	205	204	199	197	195	189	180	178	175	344	171	169	168	166	165	160	155	172
23	55	4	93	190	2	15	42	261	194	96	133	134	234	123	253	135	240	126	246	38	12	84	174	0	1	255	130	264	263	269	99	14	41	90	248	191	94	247	27	250	260	103	206	45	18	235	124	164	336	65	151	308	328	281	127	242	319	129	285	244	88	179	262	185	176	85	69	157	289	57	138	24	146	299	238	303	277	184	222	318	39	111	214	181	200	112	51	272	13	215	183	70	158	29	320	145	298	113	217	339	78	167	9	33	95	193	106	21	48	209	177	86	302	97	196	7	131	290	119	132	154	198	98	291	241	149	163	287	332	182	52	116	221	280	75	268	144	297	62	309	64	150	148	301	225	22	118	265	224	10	342	170	34	80	3	108	211	323	251	227	314	288	50	114	218	270	201	136	333	203	104	46	207	19	100	258	257	294	141	6	59	26	186	329	282	239	286	313	115	91	188	63	223	117	79	231	53	232	121	259	305	266	243	128	89	180	40	66	249	152	310	284	56	137	331	307	192	195	73	161	139	292	58	5	25	74	162	31	279	156	317	68	254	338	77	8	166	32	202	109	212	28	120	324	275	252	187	159	321	71	30	230	276	236	325	271	125	326	283	330	37	11	345	83	173	311	153	278	155	67	316	226	220	335	296	171	256	61	35	44	81	143	315	343	102	17	205	312	274	175	72	160	322	327	219	216	229	20	304	208	105	47	110	107	273	140	293	49	245	213	210	197	237	76	142	60	306	165	228	233	54	337	122	178	87	295	169	341	92	168	340	189	43	16	267	204	101	199	334	300	147	344	36	82	172
23	55	93	190	4	261	2	42	15	194	96	134	253	234	123	240	133	126	246	130	248	84	38	0	174	12	27	135	1	255	263	269	239	182	260	247	241	276	90	14	41	94	191	151	65	201	185	285	308	103	45	206	18	181	289	13	264	99	39	57	138	24	272	281	265	200	242	127	336	164	302	157	69	85	262	250	129	95	193	328	176	319	149	290	9	33	112	215	51	244	251	63	188	91	179	88	146	299	184	222	167	78	339	277	298	145	238	303	97	196	75	318	163	214	111	132	217	113	235	124	221	116	50	136	332	125	236	183	177	86	323	209	106	21	48	268	254	154	70	29	158	320	291	3	10	34	170	342	80	288	119	46	207	19	104	62	297	144	131	22	52	117	223	286	64	150	186	121	232	53	100	225	7	282	313	120	258	287	280	331	11	37	83	345	173	192	162	74	118	202	224	314	292	139	58	5	25	324	156	317	68	218	114	325	187	30	71	321	159	203	326	311	153	89	305	40	180	274	175	279	296	143	315	61	335	252	102	44	35	256	205	81	195	171	343	17	316	67	278	226	155	220	115	107	213	140	273	197	257	210	245	333	49	293	110	270	137	56	284	199	304	341	169	243	189	294	340	59	79	92	128	168	266	6	26	141	43	338	166	312	330	32	16	101	204	267	77	8	271	212	329	230	109	283	227	334	36	309	172	147	300	82	344	301	122	228	233	337	178	142	76	87	148	165	60	295	306	54	105	259	208	307	47	20	72	216	327	219	322	229	160	108	211	237	275	198	98	231	152	310	249	66	73	161	31	28
23	55	4	93	190	2	15	42	261	0	12	84	38	174	234	123	194	96	134	240	126	133	253	250	264	130	246	135	1	255	248	263	247	41	14	90	269	99	191	94	27	50	308	281	157	69	3	185	336	164	85	176	103	206	18	45	286	181	129	151	65	207	19	104	46	302	244	39	260	262	242	127	299	146	13	289	145	298	202	179	88	9	33	149	167	339	78	117	241	223	265	272	285	319	332	200	235	124	163	75	290	188	91	136	215	251	10	80	170	34	342	232	121	53	192	193	95	239	323	112	51	311	153	132	222	291	184	116	221	63	98	198	328	196	97	186	183	52	238	288	331	24	138	57	268	22	74	162	303	217	113	277	201	276	62	144	297	154	100	231	321	159	30	71	48	21	209	106	249	254	187	324	31	120	292	58	25	139	5	275	7	182	11	83	37	345	173	66	314	161	73	114	218	118	224	152	310	115	227	259	8	32	77	166	338	148	307	301	79	252	283	89	180	330	40	109	212	266	270	294	59	26	141	6	279	309	333	195	257	230	329	305	271	243	108	284	137	56	128	211	203	214	111	177	86	313	326	282	318	287	28	280	236	70	158	320	29	125	317	68	156	64	150	119	325	258	225	131	47	296	295	293	341	49	343	322	340	17	35	44	16	36	43	337	300	316	335	334	315	304	312	327	20	306	160	54	178	216	213	122	210	208	205	204	199	197	189	175	107	140	142	143	344	171	147	169	168	165	155	110	219	60	256	61	278	274	273	67	72	267	76	81	82	87	105	245	237	92	233	229	228	226	101	102	220	172
23	55	4	2	42	15	190	93	261	194	96	133	134	234	123	135	253	1	38	0	84	174	12	246	240	126	255	264	269	130	41	90	14	263	99	191	94	248	247	250	45	103	206	18	65	151	328	27	318	336	164	289	319	308	179	88	238	214	111	242	127	281	244	129	303	277	262	260	182	85	70	29	320	158	176	299	146	235	124	69	157	200	131	184	222	185	183	287	86	177	272	112	51	119	39	95	193	106	48	21	209	7	57	138	24	181	285	309	217	113	301	148	215	280	154	9	33	290	78	167	339	196	97	302	98	198	298	145	224	118	52	291	211	108	132	163	227	13	149	64	150	221	116	332	297	144	62	225	314	22	218	114	270	268	75	333	276	203	288	257	26	6	141	294	59	329	254	115	10	342	80	34	170	136	251	323	258	231	241	100	3	79	282	313	50	259	305	186	265	152	310	266	128	243	40	89	180	66	46	19	207	104	286	53	232	121	249	284	56	137	223	120	117	307	239	63	195	28	331	73	161	91	188	324	139	292	25	58	5	31	279	192	201	37	83	345	173	11	77	8	166	32	338	317	68	156	226	35	107	171	168	343	340	49	237	81	210	204	43	304	110	189	245	213	312	101	16	92	199	267	233	178	228	122	220	142	143	60	61	337	54	278	165	295	296	87	76	315	306	322	327	20	341	47	36	172	208	344	105	160	82	72	197	169	216	219	229	102	44	274	205	335	17	300	334	147	293	273	175	256	140	155	67	316	162	74	153	311	330	109	212	283	125	275	236	326	325	202	252	271	321	159	30	71	187	230
23	55	4	190	93	2	42	15	194	96	134	261	133	135	123	234	240	126	253	38	174	0	84	12	255	99	263	1	246	130	264	269	191	248	94	90	14	41	27	247	65	151	239	241	185	308	289	18	103	206	45	181	98	198	281	250	272	235	124	164	336	13	39	242	127	200	157	69	302	319	262	85	9	33	146	299	149	176	290	328	129	112	51	215	244	167	339	78	179	88	63	193	95	91	188	222	298	145	285	184	277	116	221	238	201	138	24	57	196	97	163	75	183	303	260	291	154	132	332	52	22	288	136	265	309	318	287	21	209	48	106	148	301	217	113	50	236	125	214	111	268	3	131	118	62	297	144	280	158	70	320	29	224	108	211	227	10	119	314	80	170	34	342	251	323	114	218	270	86	177	333	203	257	59	141	26	6	294	276	329	225	232	121	53	104	46	207	19	115	150	64	100	286	79	117	223	186	259	305	7	258	266	128	243	182	89	180	40	331	137	284	56	282	307	313	66	324	195	192	162	74	292	139	25	58	5	279	32	8	77	338	166	310	152	254	249	156	317	68	109	212	202	275	252	187	230	71	321	159	30	271	326	325	120	28	283	11	83	37	345	173	31	330	311	153	155	67	316	267	327	208	169	341	82	229	20	216	160	172	322	105	197	36	344	72	219	47	205	44	274	17	335	102	233	278	295	228	306	220	315	337	296	87	178	122	165	143	54	142	61	60	76	140	175	256	293	273	107	81	340	343	168	210	171	35	49	237	226	300	147	334	199	43	101	204	110	92	189	213	312	304	16	245	161	73	231
190	93	55	23	194	96	134	261	4	2	15	42	123	234	133	135	240	253	126	1	246	255	130	38	84	174	0	12	263	99	248	27	269	239	14	41	90	182	264	191	247	94	241	285	24	57	138	235	124	65	151	185	201	13	289	181	276	250	198	98	272	39	308	265	63	200	45	103	18	206	149	91	188	302	290	9	33	51	112	215	260	85	221	116	281	75	242	127	69	157	176	136	262	309	328	318	288	287	148	301	238	88	179	336	164	97	196	78	339	167	319	163	244	129	277	111	214	183	303	131	7	280	146	299	320	29	158	70	118	224	154	211	108	222	227	184	48	21	209	106	119	270	218	114	314	73	161	177	86	333	217	113	332	297	144	62	203	291	268	257	294	6	141	59	26	132	329	225	145	298	115	323	64	150	232	121	53	193	95	79	10	259	170	80	342	34	100	305	22	50	258	266	243	128	40	180	89	31	3	284	56	137	331	282	307	313	223	117	186	195	286	46	207	104	19	74	162	139	292	5	25	58	279	32	77	8	338	166	120	68	317	156	212	109	251	192	252	52	202	231	230	187	271	30	71	321	159	11	83	37	345	173	326	325	283	330	311	153	147	334	300	61	143	315	296	199	205	35	171	335	17	44	256	343	102	81	189	43	101	267	169	168	16	340	341	92	204	36	172	344	82	208	105	20	47	220	274	175	327	72	216	229	219	322	160	210	213	49	245	197	110	107	237	87	122	337	76	306	54	304	142	295	165	60	228	178	233	273	155	226	316	293	278	140	67	312	236	249	125	66	275	324	152	310	254	28
190	93	23	55	240	261	234	123	253	126	194	96	134	2	42	15	4	248	174	84	38	0	12	27	246	130	133	135	265	254	255	247	250	251	207	104	19	46	336	164	116	221	50	298	145	1	5	58	292	25	139	3	281	263	146	299	260	132	9	33	264	331	222	288	34	80	342	170	10	308	272	262	289	167	78	339	242	127	191	319	157	69	94	117	162	74	99	184	185	223	285	181	269	192	286	302	291	91	188	136	149	182	90	41	14	186	151	65	202	268	277	206	18	103	45	290	328	83	37	173	345	11	201	63	121	232	53	163	332	196	97	98	198	112	51	215	13	200	276	241	236	125	100	239	75	176	95	193	28	85	129	66	154	323	297	144	62	24	57	138	39	235	124	68	317	156	111	225	177	214	86	119	280	320	287	29	158	203	70	258	282	150	64	318	313	325	131	326	52	275	22	106	48	21	209	31	118	303	73	161	152	310	238	187	113	217	7	321	159	30	71	314	153	311	218	114	183	88	179	244	249	120	231	324	224	122	59	204	32	230	322	35	36	199	197	195	40	233	189	43	44	316	315	47	237	49	243	180	178	175	54	245	56	344	205	229	228	220	343	341	340	338	337	6	226	8	335	334	227	333	219	208	330	16	17	329	327	20	216	213	212	211	210	26	312	60	283	61	92	300	270	143	296	142	141	295	140	101	102	294	293	105	271	107	108	109	110	137	273	274	278	115	279	284	128	301	267	89	309	171	169	168	252	166	67	165	256	257	160	72	155	259	147	76	77	307	79	306	81	82	305	304	266	148	87	172
23	55	4	2	42	15	93	190	261	194	96	133	134	123	234	253	135	240	126	38	12	0	84	174	246	130	255	1	264	99	263	41	14	90	269	248	191	94	247	151	65	250	45	206	18	103	308	185	281	164	336	242	127	289	319	328	235	124	181	157	69	129	262	39	260	85	176	13	244	241	88	179	146	299	272	200	27	184	222	238	277	51	112	303	302	33	9	215	285	239	318	193	95	145	298	290	111	214	339	167	78	149	196	97	113	217	57	24	138	183	70	158	320	29	177	86	209	21	106	48	132	163	154	52	119	131	291	98	198	332	201	75	221	116	268	297	144	62	22	287	265	3	50	150	64	10	170	80	34	342	91	188	323	280	63	136	288	225	251	309	148	301	118	224	207	46	19	104	7	314	211	108	100	227	276	186	286	114	218	258	270	117	223	282	333	313	203	53	121	232	257	26	6	141	294	59	329	115	231	66	249	79	152	310	259	305	266	331	243	128	89	180	40	192	284	137	56	307	162	74	195	292	139	324	25	58	5	275	28	202	279	68	156	317	338	32	166	77	8	109	212	254	120	31	187	252	159	30	321	71	230	325	271	11	37	83	345	173	326	283	330	311	153	236	125	205	44	17	102	274	175	278	322	344	327	229	36	20	219	216	208	47	341	197	172	72	105	160	169	82	335	226	122	220	228	60	233	306	142	76	295	316	155	87	67	165	178	337	54	61	296	315	143	340	237	210	168	49	107	256	273	293	140	16	110	101	245	43	213	189	204	92	35	81	171	343	267	147	300	334	304	312	199	161	73	182
23	55	190	93	4	194	96	2	42	15	261	134	123	234	133	240	253	126	135	246	1	38	84	174	0	12	130	255	248	263	99	27	269	247	264	191	41	90	14	94	239	182	241	151	65	185	308	285	201	103	18	45	206	276	260	289	181	13	250	164	336	138	57	24	281	39	242	127	272	319	200	265	69	157	328	262	85	302	129	146	299	176	290	149	244	51	112	9	33	179	88	215	184	222	339	78	167	145	298	277	63	193	95	238	188	91	303	196	97	318	124	235	111	214	75	183	217	113	221	116	163	132	70	29	320	158	154	209	21	48	106	291	332	177	86	131	119	268	136	297	62	144	3	288	287	22	323	52	50	10	170	342	34	80	280	64	150	251	198	98	309	148	301	225	118	224	207	19	104	46	211	108	314	227	100	114	218	7	270	121	232	53	186	286	117	333	223	203	258	257	141	26	294	59	6	282	329	313	115	79	259	305	125	236	331	266	243	128	89	180	40	192	120	56	137	284	307	162	74	195	139	292	5	25	58	66	11	37	83	345	173	279	202	317	68	156	77	32	8	338	166	249	212	109	310	152	31	187	252	275	30	321	159	71	230	325	271	326	283	231	330	311	153	312	343	35	81	171	300	147	304	334	341	322	47	327	20	36	219	229	172	72	160	208	344	197	216	169	105	82	267	210	168	49	107	340	237	178	87	306	220	316	165	155	337	142	295	122	67	233	76	228	54	60	245	92	101	43	213	204	189	110	16	175	274	278	199	226	273	44	293	140	17	102	205	256	335	296	315	61	143	73	161	324	254	28
23	55	190	93	4	261	2	42	15	194	96	134	123	234	133	253	126	240	246	135	38	12	84	174	0	130	1	255	263	248	99	264	269	27	65	151	191	94	247	185	308	241	239	276	45	18	103	206	14	41	90	181	289	201	281	336	164	39	250	127	242	272	13	157	69	319	200	262	182	328	85	302	129	176	95	193	299	146	33	9	244	290	112	51	179	88	215	149	260	184	222	339	167	78	265	277	238	303	298	145	138	24	57	318	97	196	285	111	214	124	235	63	188	91	113	217	183	163	320	29	158	70	75	116	221	132	154	48	106	209	21	22	86	177	291	52	332	131	119	268	136	50	62	297	144	288	98	198	287	3	251	323	10	170	34	80	342	280	150	64	309	225	301	148	118	224	104	207	19	46	211	108	314	100	120	227	114	218	117	270	186	286	223	232	53	121	333	258	324	203	282	257	313	294	26	6	141	59	329	115	79	259	152	310	331	305	231	125	236	266	128	243	40	180	89	66	192	56	284	137	307	162	74	73	161	275	195	7	292	139	5	25	58	31	202	279	68	317	156	11	37	83	345	173	166	32	338	77	8	109	212	28	249	187	252	321	71	30	159	230	325	271	326	283	330	311	153	254	296	143	61	315	237	107	49	340	168	210	122	306	233	295	228	54	220	87	60	67	76	178	142	155	316	165	337	204	101	16	213	245	92	43	110	189	335	199	341	322	327	20	229	172	208	216	105	160	36	82	169	344	72	197	47	219	226	175	274	278	334	304	300	147	293	273	140	256	267	102	17	44	205	81	35	171	343	312
23	55	190	93	4	261	2	42	15	123	234	38	84	0	174	12	194	96	134	133	126	253	240	250	246	264	135	130	1	247	263	248	255	27	269	191	99	94	41	90	14	181	308	65	151	50	281	45	18	206	103	242	127	265	3	69	157	164	336	185	104	207	46	19	302	298	145	117	223	39	33	9	202	215	319	85	13	262	176	339	78	167	129	289	241	286	260	51	112	290	328	299	146	251	149	323	244	97	196	184	10	192	34	80	342	170	186	222	98	198	272	88	179	124	235	285	132	268	163	91	188	200	332	136	239	201	75	217	113	95	193	277	303	182	291	63	24	138	57	238	121	232	53	100	111	214	153	311	177	86	313	282	144	297	62	154	318	221	116	106	209	21	48	276	158	70	320	29	288	150	64	119	183	74	162	331	52	325	258	11	83	37	345	173	22	225	131	254	249	71	30	321	159	187	7	275	324	231	68	156	317	66	292	58	139	25	5	280	287	120	31	152	310	118	28	326	224	161	73	314	125	236	307	227	266	329	259	230	212	109	252	305	79	115	211	243	301	148	56	330	108	284	128	137	40	89	180	26	6	271	141	294	59	257	270	195	279	338	77	32	283	8	166	333	309	203	218	114	47	49	304	300	296	165	44	43	343	341	340	337	335	334	327	16	17	20	322	295	315	312	35	36	306	316	81	293	140	216	122	213	210	208	205	204	199	197	189	142	220	143	178	147	175	344	171	169	155	168	160	219	226	54	87	60	61	67	278	72	274	273	76	82	267	256	110	92	245	237	233	101	102	229	228	105	107	172
23	55	4	190	93	134	194	96	2	42	15	261	234	123	133	135	240	253	126	255	174	12	84	38	0	99	246	1	130	263	248	269	27	247	41	14	90	191	94	264	239	182	241	285	65	151	138	57	24	185	201	276	235	124	13	181	250	289	308	281	272	39	18	45	206	103	164	336	200	127	242	69	157	149	319	265	302	290	262	188	91	33	9	63	328	146	299	198	98	51	112	85	215	176	339	167	78	129	145	298	184	222	277	318	97	196	214	111	244	88	179	303	238	221	116	75	320	70	29	158	163	154	86	177	131	217	113	119	132	291	136	21	48	106	209	183	268	332	50	288	144	297	62	287	260	7	3	150	64	193	95	323	280	34	170	10	342	80	225	118	309	224	301	148	211	108	100	227	314	114	218	232	53	121	270	207	19	104	46	333	258	22	203	117	223	282	186	257	6	26	59	141	294	313	52	329	115	286	31	79	251	259	305	331	266	243	128	89	180	40	137	56	284	192	307	161	73	74	162	195	120	292	139	5	58	25	249	279	317	156	68	83	11	37	345	173	32	338	166	77	8	202	109	212	252	187	230	30	159	71	321	325	271	326	283	330	66	311	153	168	340	92	189	47	208	20	105	300	147	334	226	273	140	67	278	316	293	155	205	335	35	102	81	256	44	343	171	17	36	172	199	344	82	237	175	312	87	295	76	304	165	306	178	54	60	228	142	337	233	122	43	101	220	169	204	341	16	267	274	296	315	143	61	322	327	160	229	72	216	219	110	245	197	210	213	107	49	231	275	310	152	28	254	236	125	324
23	55	4	93	190	2	42	15	261	194	96	133	253	134	234	123	126	240	246	130	0	38	84	12	174	1	135	255	269	248	264	263	14	41	90	151	65	45	103	18	206	308	27	281	260	164	336	185	247	127	242	99	191	181	94	289	319	328	157	69	129	262	250	85	39	176	244	251	13	95	193	179	88	241	146	299	272	200	184	302	9	33	222	112	215	51	145	298	303	277	238	78	167	339	290	318	265	214	111	285	239	97	196	149	57	24	138	217	113	235	124	132	201	52	86	177	320	158	70	29	163	182	183	209	21	48	106	50	332	291	154	3	22	75	268	119	323	10	170	342	34	80	131	116	221	62	297	144	91	188	207	19	46	104	7	136	150	64	31	63	236	125	286	117	223	254	288	186	73	161	225	100	231	282	313	98	198	324	258	53	121	232	276	287	280	192	275	310	152	66	331	118	202	224	249	74	162	314	139	292	5	58	25	68	317	156	114	218	325	187	30	321	71	159	11	37	83	345	173	203	120	28	326	311	153	330	274	40	180	333	89	293	175	305	273	140	252	204	267	92	195	189	43	16	212	101	109	279	278	230	227	44	205	102	17	266	270	49	8	210	166	32	338	77	107	307	47	36	283	341	259	172	20	82	344	105	169	197	208	329	257	271	335	87	115	122	54	178	142	228	220	295	60	165	301	148	337	233	306	76	327	340	322	26	6	294	128	284	211	216	108	56	219	168	72	229	160	237	243	137	59	141	79	256	304	300	309	147	334	143	315	61	296	312	81	171	35	343	316	67	155	213	199	110	226	245
23	55	4	93	190	2	15	42	261	194	96	134	133	123	234	135	253	240	126	174	12	84	0	38	1	246	255	130	264	263	99	269	14	41	90	191	94	248	247	124	235	250	65	151	27	103	18	45	206	308	185	129	244	328	179	88	281	164	336	242	127	39	289	85	319	176	57	138	24	262	285	238	303	157	69	13	200	318	181	277	260	214	111	184	272	98	198	299	146	222	241	51	112	215	183	29	320	158	70	113	217	290	302	9	33	209	21	106	48	177	86	149	339	167	78	97	196	131	193	95	119	298	145	154	132	163	239	287	7	332	291	75	221	116	52	280	297	62	144	268	309	150	64	148	301	22	225	118	224	265	323	211	108	10	170	342	80	34	227	288	314	136	114	218	63	3	201	270	91	188	333	50	251	203	100	258	257	294	6	26	141	59	207	46	104	19	282	329	186	313	115	286	182	223	121	232	53	117	79	249	259	305	231	66	266	243	128	180	89	40	310	152	56	284	137	331	307	73	161	254	195	192	292	139	5	25	58	162	74	28	279	156	68	317	77	32	8	166	338	125	236	31	202	109	212	275	120	252	187	159	321	71	30	230	325	271	276	326	283	330	311	153	11	37	345	83	173	334	304	300	147	312	274	208	197	344	47	20	82	36	341	169	172	105	107	210	49	43	16	204	92	101	189	256	237	229	219	216	72	160	322	327	168	340	143	61	245	315	110	296	213	199	226	267	102	17	205	44	316	67	155	343	81	171	35	335	228	87	337	54	142	165	178	306	122	220	233	295	60	76	278	293	175	273	140	324
23	55	4	2	42	15	93	190	261	194	96	133	134	123	234	126	240	253	246	130	84	174	38	0	12	135	1	255	264	263	248	308	65	151	281	18	103	206	45	269	185	336	164	181	69	157	191	94	127	242	99	90	41	14	129	85	176	262	289	250	260	244	319	39	241	146	299	95	193	13	27	247	9	33	272	179	88	302	145	298	167	78	339	251	328	276	50	215	200	239	112	51	149	222	201	184	3	290	31	52	265	285	163	324	124	235	332	161	73	132	22	196	97	91	188	19	104	207	46	75	291	238	182	10	277	342	34	80	170	63	303	286	183	221	116	323	136	117	268	113	217	223	138	24	57	288	154	254	236	125	186	297	62	144	232	121	53	21	209	106	48	100	192	275	331	202	98	198	162	74	66	11	83	37	345	173	159	71	30	321	309	139	292	58	5	25	187	318	287	311	153	148	301	16	101	189	92	204	43	312	49	210	107	335	169	82	208	172	47	197	36	20	341	344	105	35	81	343	171	256	140	293	175	273	315	61	296	143	226	199	213	110	245	237	219	160	322	72	168	327	229	340	216	304	147	300	334	278	274	267	76	142	228	155	67	178	165	220	60	54	295	337	306	316	122	233	87	102	44	17	205	249	330	283	325	326	214	111	271	231	230	131	252	280	158	320	70	29	7	211	108	212	109	317	68	156	227	77	8	32	338	166	279	119	120	270	177	86	195	333	313	307	282	224	56	137	284	310	152	203	257	6	294	26	141	59	314	89	40	180	118	218	114	128	243	329	225	266	258	115	150	64	28	305	259	79
